0, 18.9148, 348.683, 22.5159, 107.607, 15.712, 659.132, 0, 6.28357, 813.751, 55.0568
10000, 56.5849, 374.677, 28.1982, 136.014, 15.712, 686.508, 11.2228, 6.27441, 865.348, 94.4641
20000, 37.7808, 352.721, 22.6273, 147.415, 0, 747.931, 16.8976, 0, 865.589, 70.8435
20000, 37.7747, 384.362, 0, 152.811, 0, 696.039, 28.1357, 15.6647, 865.533, 78.6995
30000, 31.4804, 349.435, 0, 175.575, 15.7288, 724.469, 0, 0, 907.273, 23.6145
30000, 40.9447, 346.183, 16.954, 113.278, 15.7196, 653.737, 5.62363, 6.27594, 824.65, 86.5578
40000, 50.3395, 302.241, 28.2547, 118.836, 15.7288, 658.398, 11.2656, 9.41849, 927.648, 55.0583
40000, 25.177, 283.087, 0, 135.904, 39.2738, 630.294, 0, 3.13797, 824.715, 54.9873
50000, 15.76, 302.238, 28.2425, 135.861, 15.7242, 630.127, 28.1197, 0, 855.322, 39.3402
50000, 18.8797, 302.537, 11.3007, 107.522, 31.4049, 621.28, 33.7524, 0, 844.746, 78.6934
60000, 34.6603, 295.958, 0, 147.385, 39.2708, 630.438, 0, 0, 804.057, 23.5573
60000, 18.8873, 258.231, 5.62363, 124.583, 31.4407, 625.819, 22.5327, 0, 886.809, 39.3387
70000, 15.7356, 264.256, 5.65414, 113.159, 15.6937, 634.811, 11.2656, 3.14407, 824.174, 62.9417
70000, 22.039, 289.603, 11.2915, 135.921, 23.5451, 616.171, 16.8869, 3.13797, 814.406, 23.5847
80000, 22.036, 298.934, 11.3083, 147.313, 7.83844, 635.146, 11.2663, 0, 885.733, 55.0461
80000, 0, 314.709, 56.5315, 158.816, 23.5626, 644.607, 5.63736, 0, 844.702, 86.5715
90000, 9.43985, 298.869, 28.228, 136.081, 47.0383, 644.243, 0, 6.28052, 824.373, 47.2137
90000, 22.052, 289.792, 0, 113.251, 0, 649.306, 5.62363, 3.14026, 855.148, 15.7196
100000, 6.29883, 273.804, 11.3174, 147.142, 31.3667, 625.758, 28.1212, 6.27823, 803.955, 39.3219
110000, 31.4789, 286.464, 5.65033, 153.022, 23.5756, 635.307, 11.2579, 0, 814.446, 63.002
110000, 12.6106, 286.625, 22.5647, 124.608, 7.8598, 639.564, 16.8686, 0, 866.381, 62.8899
120000, 34.6153, 286.435, 28.3165, 118.911, 39.2387, 635.094, 11.2396, 0, 814.83, 31.4911
120000, 9.45969, 270.335, 16.9235, 124.658, 15.712, 620.76, 0, 0, 896.447, 70.7703
130000, 15.7387, 286.543, 11.3007, 170.014, 23.5634, 639.61, 11.2396, 3.13034, 917.836, 62.9578
130000, 50.4005, 279.973, 0, 175.593, 0, 630.193, 16.88, 0, 876.002, 23.6183
140000, 18.8751, 283.286, 33.9249, 192.691, 0, 630.084, 16.8457, 0, 824.548, 47.2282
140000, 28.3043, 289.176, 45.1843, 124.549, 0, 615.999, 5.62897, 0, 824.725, 47.1474
170000, 12.5671, 280.478, 56.5086, 158.203, 15.6845, 611.385, 16.8983, 18.84, 885.923, 86.5479
170000, 6.28815, 305.155, 22.5739, 135.921, 78.5309, 630.312, 0, 6.27975, 814.327, 39.3661
170000, 22.0001, 261.245, 39.4875, 107.537, 7.84225, 634.689, 11.2656, 12.5549, 875.733, 78.7292
170000, 15.7394, 280.151, 22.6013, 135.919, 31.3782, 625.84, 5.62363, 9.42383, 855.145, 70.8549
170000, 22.0451, 270.782, 16.9235, 118.941, 15.7028, 630.086, 22.5327, 15.6799, 845.211, 62.9517
170000, 34.6306, 289.401, 16.9624, 124.696, 15.712, 620.716, 16.8594, 6.26831, 845.148, 110.166
220000, 18.9079, 292.523, 22.5922, 152.863, 31.4148, 644.028, 0, 3.14026, 783.133, 23.6237
220000, 28.3417, 280.18, 33.8745, 130.139, 23.5718, 630.356, 33.7936, 9.40704, 907.049, 39.3349
220000, 6.29883, 292.508, 17.0151, 124.548, 23.5756, 630.312, 0, 9.40094, 824.62, 39.3524
220000, 6.29883, 273.763, 28.2585, 136.104, 15.7021, 625.584, 16.8846, 6.27594, 906.59, 31.5079
220000, 18.8751, 283.344, 16.9235, 124.627, 15.7028, 644.18, 22.5182, 6.28052, 876.156, 55.1445
220000, 28.3745, 270.346, 39.4882, 124.502, 31.3957, 630.042, 11.2823, 0, 856.172, 23.6183
220000, 34.6817, 292.673, 0, 152.859, 23.568, 653.92, 16.8892, 6.27594, 803.902, 55.0858
220000, 9.43146, 298.479, 16.8869, 198.242, 15.712, 658.581, 0, 3.14178, 875.671, 55.1285
220000, 6.28357, 301.778, 0, 124.641, 23.5756, 620.845, 0, 0, 907.47, 110.165
240000, 31.4392, 280.275, 22.644, 113.226, 15.7028, 621.15, 16.9151, 3.13416, 896.494, 78.6606
240000, 15.7852, 270.322, 5.65872, 107.672, 15.7196, 625.948, 0, 0, 845.441, 31.4575
240000, 9.45969, 289.413, 0, 147.121, 23.5405, 625.636, 5.61523, 0, 803.725, 86.5425
240000, 15.6898, 280.113, 11.3083, 130.131, 15.6937, 640.006, 28.1639, 3.13416, 814.22, 125.883
250000, 34.5604, 308.592, 28.2516, 136.066, 15.712, 611.136, 16.8945, 0, 865.658, 55.0232
250000, 15.7585, 270.293, 22.583, 130.235, 31.4316, 634.88, 0, 3.13797, 804.185, 55.1346
260000, 6.30341, 305.241, 0, 164.226, 31.4575, 630.151, 11.2473, 6.27289, 916.934, 39.3387
260000, 47.271, 282.909, 0, 158.466, 7.85141, 606.528, 5.61523, 6.25763, 886.217, 31.4835
270000, 21.9925, 264.508, 11.2656, 96.2738, 15.712, 653.808, 0, 6.27594, 917.208, 118.035
280000, 22.0634, 261.391, 0, 164.146, 23.5794, 649.501, 5.63278, 0, 907.805, 39.3303
280000, 28.3714, 295.877, 16.8983, 147.407, 15.7288, 630.416, 0, 6.27594, 855.386, 78.6331
290000, 34.6001, 283.263, 11.3007, 130.271, 23.5802, 630.03, 11.2228, 6.26831, 854.893, 15.7417
290000, 25.1862, 283.057, 28.2318, 181.362, 0, 620.994, 0, 6.28357, 876.389, 70.7703
300000, 22.0818, 270.686, 0, 141.606, 23.571, 625.449, 5.62897, 0, 845.671, 47.1947
300000, 37.8235, 264.124, 0, 124.741, 31.4056, 606.856, 11.2564, 3.13644, 949.155, 47.2031
310000, 0, 270.651, 0, 118.975, 23.5764, 630.132, 22.5327, 0, 865.888, 118.044
310000, 9.45053, 299.094, 11.2915, 124.49, 39.257, 639.104, 28.1441, 3.14178, 865.626, 86.5364
330000, 15.7547, 311.488, 33.8997, 169.797, 39.283, 635.037, 0, 6.26831, 896.923, 39.3524
330000, 22.02, 321.234, 16.954, 158.495, 0, 728.474, 11.2228, 0, 855.663, 15.7379
330000, 47.2603, 431.309, 28.2372, 141.805, 47.0856, 690.683, 0, 6.28052, 803.461, 39.3433
350000, 28.2974, 333.435, 16.9762, 135.699, 0, 710.231, 0, 3.13263, 824.512, 78.6743
350000, 47.2366, 371.181, 0, 130.309, 15.7288, 678.026, 28.1693, 0, 855.203, 78.6972
350000, 25.1534, 346.239, 28.2509, 158.517, 31.424, 729.068, 33.7708, 0, 814.182, 31.4842
350000, 18.8416, 336.881, 45.2217, -2.21409e+06, 23.5542, 676.679, 11.2396, 3.13797, 772.996, 39.3517
370000, 6.28815, 302.248, 22.6303, 84.9861, 15.6937, 630.067, 28.1776, 0, 896.957, 86.5463
370000, 18.8919, 282.903, 33.8745, 130.354, 47.1619, 643.933, 11.2747, 0, 834.747, 62.9669
370000, 28.3188, 286.095, 22.583, 152.96, 15.712, 625.28, 0, 9.42078, 834.814, 39.3387
370000, 22.0238, 289.461, 16.9365, 164.495, 23.5535, 620.888, 0, 9.41391, 854.543, 62.9791
380000, 12.5923, 283.638, 11.3007, 169.934, 31.4049, 625.397, 0, 3.13416, 834.299, 47.2038
380000, 12.5885, 299.352, 11.3266, 147.3, 31.4095, 653.952, 5.63278, 3.13416, 814.101, 110.143
390000, 12.6076, 289.176, 5.64117, 147.137, 31.4407, 658.714, 22.5235, 0, 824.155, 39.3448
390000, 12.6099, 267.721, 22.6349, 130.373, 47.139, 626.019, 5.62363, 3.14026, 855.497, 55.0735
410000, 12.6022, 279.906, 11.3083, 163.988, 23.568, 649.052, 28.1731, 0, 906.954, 86.6089
410000, 3.14789, 289.4, 0, 153.097, 31.4354, 634.846, 0, 6.27289, 834.742, 141.674
410000, 9.42535, 254.585, 16.8983, 130.332, 54.9347, 607.324, 16.8892, 3.13797, 896.699, 70.8473
410000, 25.1801, 276.687, 0, 118.906, 15.712, 649.443, 22.4792, 0, 896.273, 47.2404
440000, 12.6068, 317.919, 28.2204, 152.769, 31.4407, 597.469, 0, 0, 866.402, 23.558
440000, 15.7585, 305.158, 0, 147.272, 31.4407, 621.184, 11.2473, 0, 804.04, 78.6324
440000, 22.0497, 302.261, 0, 101.983, 23.568, 630.337, 22.5143, 6.28815, 854.762, 78.6781
440000, 28.3653, 280.296, 0, 147.285, 47.0947, 644.571, 11.2823, 3.14026, 927.207, 62.9494
440000, 28.331, 282.857, 22.5479, 141.674, 39.2479, 616.281, 28.1693, 6.27594, 876.013, 55.0583
460000, 3.14407, 302.105, 16.951, 147.414, 23.558, 630.427, 28.1342, 3.14026, 875.443, 23.6183
460000, 22.0459, 254.855, 16.8983, 141.752, 55.011, 606.628, 0, 0, 906.264, 78.6758
460000, 12.6122, 273.988, 16.951, 135.902, 7.8598, 635.091, 5.61981, 9.4162, 906.421, 31.4919
460000, 40.8867, 283.298, 16.9235, 164.314, 23.568, 629.931, 11.2656, 6.27594, 824.905, 86.5555
490000, 9.4696, 283.3, 39.4814, 147.382, 7.85141, 649.13, 0, 3.14178, 865.589, 55.0865
490000, 12.5847, 257.74, 45.1912, 164.22, 0, 625.742, 5.64117, 6.27289, 865.501, 39.3448
490000, 22.0734, 292.777, 28.2455, 124.608, 15.712, 615.752, 11.2823, 12.5443, 813.966, 39.3562
490000, 9.45511, 286.266, 45.2011, 124.664, 15.6769, 625.709, 22.5403, 12.5519, 896.738, 23.6061
490000, 9.44672, 283.383, 5.65872, 147.293, 23.5886, 625.185, 11.2579, 9.41467, 803.535, 70.7649
490000, 37.7785, 273.65, 5.63278, 136.026, 15.712, 625.582, 5.63278, 6.27594, 855.489, 62.9204
520000, 25.177, 320.943, 0, 164.306, 15.7028, 634.753, 11.2564, 0, 814.115, 62.9822
520000, 22.0573, 279.523, 11.3007, 130.322, 15.7112, 616.534, 11.2656, 12.5381, 814.164, 39.3173
520000, 44.0796, 264.253, 22.6181, 113.377, 15.712, 639.473, 5.63736, 6.28052, 793.165, 55.0964
520000, 9.43146, 277.187, 16.8983, 147.072, 31.4484, 602.067, 11.2396, 0, 844.971, 23.5924
520000, 18.869, 283.041, 16.9624, 141.651, 15.712, 635.049, 11.2579, 3.13263, 876.111, 63.0005
520000, 15.7578, 292.66, 45.1363, 181.285, 15.7028, 606.886, 0, 3.13797, 844.586, 23.6069
520000, 12.587, 274.139, 0, 113.335, 47.1085, 644.142, 0, 0, 864.98, 70.7954
540000, 34.6687, 261.043, 11.3174, 135.863, 15.7028, 630.215, 11.2396, 3.13797, 865.443, 47.271
540000, 22.0268, 277.242, 16.9464, 124.606, 0, 621.113, 22.522, 0, 916.949, 47.1939
540000, 3.14789, 295.63, 5.64575, 141.559, 0, 658.527, 0, 6.28052, 834.392, 47.1947
540000, 0, 283.493, 16.9373, 158.416, 39.2876, 634.92, 16.8633, 0, 866.595, 31.4575
550000, 25.1671, 292.244, 11.2656, 124.566, 31.414, 621.027, 11.2747, 0, 845.284, 55.143
560000, 25.1717, 270.973, 0, 113.302, 0, 620.902, 22.522, 6.27975, 855.259, 31.4438
560000, 28.3676, 302.158, 73.4184, 147.304, 0, 639.719, 33.7769, 9.40933, 906.119, 102.332
570000, 25.1915, 283.385, 5.62897, 147.266, 31.3965, 639.652, 16.9029, 3.13797, 855.058, 94.5007
570000, 31.459, 261.562, 5.65033, 186.904, 23.5794, 649.136, 28.1639, 6.28052, 824.552, 78.6972
580000, 31.4789, 296.356, 5.62897, 113.144, 15.7196, 630.093, 11.2473, 6.27594, 783.26, 0
580000, 15.7539, 251.97, 16.9762, 158.64, 0, 629.921, 5.63278, 12.558, 865.784, 31.4827
590000, 18.8736, 280.248, 33.8104, 141.594, 39.2433, 630.112, 11.2701, 0, 865.833, 55.1102
590000, 37.825, 295.312, 11.2823, 118.914, 31.4354, 635.262, 5.61981, 6.28967, 803.773, 47.2328
600000, 12.5824, 280.216, 11.2915, 203.947, 31.3866, 620.639, 11.2305, 12.5511, 855.222, 15.7379
600000, 28.3409, 283.264, 28.2516, 186.849, 15.7288, 649.298, 11.2656, 9.41315, 845.177, 78.7292
610000, 6.29578, 285.845, 28.2707, 141.605, 31.4224, 630.145, 16.9243, 6.28052, 834.656, 39.3387
610000, 12.6129, 292.422, 11.3083, 136.008, 39.2525, 630.247, 16.89, 3.14026, 896.464, 70.8107
630000, 25.1785, 302.358, 16.9235, 141.564, 15.7196, 639.598, 0, 6.27289, 845.264, 78.614
630000, 31.4827, 273.61, 0, 147.243, 47.1436, 639.897, 16.8983, 12.5565, 875.616, 55.0842
630000, 28.3371, 355.926, 11.2656, 147.343, 23.5359, 653.819, 11.2228, 6.28815, 845.037, 39.3692
650000, 53.5286, 337.033, 0, 113.255, 15.6769, 705.135, 22.5128, 0, 813.429, 78.6438
650000, 25.1923, 403.065, 0, 170, 0, 672.846, 28.1822, 0, 865.936, 94.4153
650000, 40.8783, 327.032, 11.3007, 169.913, 15.7028, 705.702, 22.496, 3.13263, 866.351, 31.4957
650000, 28.3318, 345.918, 0, 124.574, 7.85141, 672.594, 0, 6.27289, 824.702, 86.4967
660000, 21.991, 334.055, 50.8141, 136.057, 7.84225, 695.943, 5.61142, 3.13644, 866.016, 70.8801
660000, 31.501, 371.535, 39.5432, 295.72, 15.712, 677.384, 0, 6.28052, 855.719, 62.9715
670000, 25.1587, 311.44, 5.64117, 141.624, 23.5313, 625.487, 0, 6.27594, 855.538, 94.4351
680000, 28.3813, 296.039, 22.6349, 130.096, 31.4186, 634.953, 0, 9.41238, 865.215, 55.0255
680000, 37.7663, 289.633, 0, 90.5609, 23.5756, 625.549, 0, 0, 844.979, 70.8282
690000, 15.7539, 276.818, 11.3083, 141.5, 23.5718, 639.659, 22.5235, 0, 897.173, 62.973
690000, 15.7364, 283.358, 28.2707, 118.775, 31.4575, 621.184, 16.8625, 6.27594, 896.732, 39.3654
700000, 28.289, 286.389, 0, 130.199, 15.712, 639.864, 16.8724, 0, 917.489, 62.9883
700000, 6.2912, 298.772, 0, 102.003, 7.85599, 630.112, 0, 3.14407, 896.257, 23.6191
710000, 15.728, 276.743, 22.5662, 181.324, 15.7196, 635.366, 11.2656, 6.28052, 844.405, 47.1909
710000, 28.363, 280.06, 5.64575, 147.377, 39.2876, 649.163, 11.2823, 3.13644, 896.741, 47.2664
720000, 34.6512, 311.768, 11.3083, 118.988, 23.5847, 635.194, 5.62363, 0, 824.805, 102.296
720000, 15.7661, 286.028, 0, 96.3692, 23.568, 635.395, 0, 12.5336, 896.952, 86.5852
730000, 22.0978, 317.722, 11.3007, 175.576, 0, 621.055, 11.2305, 0, 845.611, 102.226
730000, 18.8583, 261.01, 33.8669, 124.739, 15.7288, 639.552, 0, 6.2767, 814.442, 86.5623
740000, 28.3745, 280.025, 16.9624, 170.04, 15.7028, 616.425, 5.63736, 6.27289, 896.854, 133.759
740000, 6.31104, 295.84, 11.2823, 113.388, 15.7074, 630.652, 28.1235, 12.5694, 917.091, 70.8366
750000, 12.5916, 286.104, 0, 141.628, 7.85141, 620.887, 11.2747, 0, 875.781, 78.7018
750000, 31.4552, 302.428, 0, 101.816, 31.3782, 630.344, 5.61981, 6.26526, 773.177, 39.3517
770000, 15.7372, 301.591, 39.5714, 113.239, 31.3873, 606.462, 39.3303, 0, 895.923, 70.7657
770000, 6.29578, 292.837, 11.3174, 141.343, 7.86438, 616.323, 22.5128, 0, 886.624, 62.9234
770000, 18.9117, 304.943, 11.2823, 118.901, 0, 635.13, 11.2473, 9.41849, 844.923, 31.4575
790000, 25.206, 289.256, 0, 130.238, 31.4095, 644.384, 0, 0, 814.279, 70.8855
790000, 37.7518, 308.369, 16.9624, 130.27, 15.7196, 616.395, 22.5479, 9.42001, 886.151, 94.4901
790000, 25.1945, 327.469, 16.9327, 175.536, 70.7024, 649.372, 0, 0, 906.997, 55.0598
790000, 18.9331, 280.274, 39.6065, 130.206, 7.8598, 616.119, 28.1563, 0, 782.977, 31.4781
810000, 22.0352, 282.802, 0, 113.329, 23.568, 630.113, 0, 3.13416, 886.615, 39.357
810000, 3.1456, 276.847, 5.63736, 170.023, 15.7028, 639.805, 0, 0, 855.348, 15.7455
810000, 0, 286.752, 16.9624, 113.356, 23.568, 611.279, 0, 0, 854.875, 15.7288
810000, 25.1633, 264.276, 16.8762, 170.044, 15.6937, 611.527, 16.8907, 0, 876.277, 70.8115
830000, 18.856, 308.128, 0, 147.354, 39.2479, 621.113, 11.2617, 9.40628, 834.843, 39.3532
830000, 15.77, 295.337, 28.2288, 130.164, 31.4575, 644.855, 16.9121, 6.26831, 866.548, 55.1704
830000, 47.2069, 267.319, 22.5998, 113.243, 39.2525, 639.616, 0, 0, 896.861, 70.8389
830000, 28.3241, 289.601, 0, 187.07, 7.85599, 629.997, 5.61523, 0, 814.058, 70.8755
850000, 6.29578, 299.258, 0, 124.617, 0, 649.574, 22.5037, 6.2912, 886.501, 102.381
850000, 15.7661, 308.443, 0, 186.893, 23.5977, 606.968, 22.5327, 9.41391, 813.396, 15.7379
850000, 28.289, 267.272, 33.8577, 84.9808, 15.7028, 625.595, 5.63736, 15.7127, 896.497, 70.8221
850000, 18.885, 270.609, 16.9235, 101.985, 47.1344, 644.433, 5.63736, 0, 886.225, 70.8122
870000, 6.29578, 292.662, 22.5311, 186.695, 31.3873, 653.663, 11.2656, 0, 751.94, 39.3219
870000, 12.5771, 292.855, 0, 136.041, 39.27, 620.911, 33.8051, 3.13797, 855.668, 70.8641
870000, 15.731, 302.435, 0, 130.211, 0, 630.764, 11.2747, 3.14178, 865.131, 31.4789
870000, 18.8904, 270.898, 22.6089, 130.274, 39.2204, 616.035, 22.5128, 12.5565, 834.831, 47.2092
890000, 31.4896, 289.7, 0, 170.084, 23.5626, 601.877, 22.5052, 3.13416, 855.13, 86.5135
890000, 12.587, 298.772, 11.3083, 181.078, 7.85599, 653.854, 0, 6.28357, 897.195, 70.8473
890000, 22.0444, 286.433, 22.6089, 118.931, 31.4232, 615.974, 11.2747, 9.39789, 804.445, 86.4754
900000, 44.088, 320.787, 0, 158.584, 15.712, 611.819, 11.2785, 6.28052, 845.126, 86.5654
900000, 12.5862, 264.261, 0, 118.909, 15.7288, 620.897, 11.2747, 6.28052, 855.429, 78.7758
910000, 22.0573, 295.641, 11.3083, 113.364, 0, 620.647, 0, 6.27594, 855.048, 39.373
910000, 18.8988, 283.54, 0, 141.718, 15.6937, 634.629, 0, 0, 865.761, 55.0781
930000, 12.5671, 289.194, 16.9762, 152.856, 0, 644.518, 28.1204, 9.42612, 917.433, 55.0903
930000, 34.6191, 283.074, 16.925, 152.941, 31.427, 630.447, 5.62897, 0, 886.417, 62.9745
930000, 31.4774, 279.877, 11.3174, 135.992, 15.6937, 634.608, 0, 3.13644, 824.028, 39.3227
930000, 28.3356, 280.131, 28.2288, 102.138, 15.6937, 634.884, 22.4976, 0, 824.579, 55.1369
940000, 28.334, 279.876, 0, 102.004, 39.2471, 639.667, 5.63278, 0, 804.034, 117.934
940000, 6.29883, 298.942, 28.2516, 147.086, 7.85141, 630.666, 5.62363, 6.26831, 865.295, 70.8321
950000, 9.44824, 320.705, 0, 158.668, 7.85141, 644.528, 0, 0, 844.975, 110.145
950000, 44.1154, 343.337, 0, 135.844, 23.5634, 704.937, 16.8633, 6.27289, 803.43, 102.217
960000, 37.825, 374.309, 22.6089, 124.678, 39.2876, 677.596, 16.8991, 9.41467, 886.018, 39.3356
960000, 44.0506, 368.303, 0, 124.679, 15.6937, 663.206, 22.5052, 9.4223, 824.231, 94.4435
970000, 40.9103, 393.046, 11.3174, 170.028, 0, 696.375, 16.8983, 12.561, 866.135, 23.6069
980000, 47.1626, 323.985, 16.9762, 124.651, 15.712, 672.512, 11.2579, 9.41086, 885.961, 70.8435
980000, 34.6542, 342.954, 22.6128, 147.37, 15.7066, 672.356, 22.4533, 0, 793.632, 94.4336
990000, 40.905, 279.841, 0, 118.922, 15.6586, 663.269, 28.0807, 0, 865.455, 31.4827
990000, 15.7433, 273.744, 33.9134, 135.942, 31.4392, 644.568, 28.1631, 3.14026, 865.878, 78.6194
990000, 25.1595, 280.052, 45.179, 158.536, 39.296, 635.07, 16.9113, 3.13416, 886.399, 55.0125
1010000, 12.59, 296.153, 22.5998, 113.204, 0, 611.308, 22.5357, 6.28052, 876.26, 39.3448
1010000, 56.5834, 267.566, 0, 158.593, 7.84225, 606.781, 11.2579, 0, 813.641, 23.6183
1010000, 15.7326, 286.269, 0, 124.512, 47.1077, 644.312, 33.7761, 0, 947.597, 86.5135
1020000, 40.9058, 295.841, 11.2823, 113.241, 15.7196, 625.966, 22.5403, 6.27594, 824.529, 15.7288
1020000, 25.1785, 280.013, 16.9762, 141.613, 39.2479, 602.056, 16.9037, 6.26526, 865.714, 70.8405
1030000, 28.2997, 304.845, 0, 147.422, 23.5405, 630.35, 16.8869, 0, 824.356, 86.5936
1030000, 21.9894, 289.274, 33.9523, 147.12, 7.85599, 648.427, 22.5311, 0, 814.27, 55.0827
1040000, 56.6582, 286.688, 39.4783, 130.155, 0, 625.585, 11.2747, 0, 865.629, 23.6183
1040000, 12.5977, 295.377, 0, 130.274, 7.84683, 634.745, 11.2305, 0, 773.53, 47.2084
1050000, 40.9111, 282.877, 0, 147.398, 23.5718, 611.776, 11.2747, 12.5572, 844.923, 55.0804
1050000, 44.1002, 292.78, 28.2631, 170.152, 15.7288, 620.685, 11.2656, 0, 772.679, 47.2206
1060000, 6.28357, 320.686, 22.6349, 101.983, 15.6937, 625.282, 16.8945, 6.28052, 865.52, 62.9196
1060000, 15.7608, 276.989, 11.2999, 101.982, 54.9934, 625.948, 11.2747, 6.26831, 834.778, 47.2176
1070000, 18.9217, 286.143, 0, 141.416, 47.1436, 630.309, 22.5487, 0, 865.529, 47.2244
1070000, 25.1648, 276.904, 33.9249, 124.518, 0, 611.275, 5.61981, 6.27594, 886.715, 31.4667
1080000, 28.36, 320.966, 5.63736, 147.205, 23.5756, 635.002, 11.2137, 0, 824.525, 39.36
1080000, 31.4598, 283.09, 16.951, 136.012, 7.85599, 658.375, 16.8671, 15.6647, 906.559, 117.997
1090000, 25.2174, 270.458, 16.8983, 158.737, 7.85141, 611.472, 5.63736, 6.28052, 814.442, 70.7954
1090000, 31.4636, 323.914, 28.2707, 158.568, 31.4056, 625.594, 11.2396, 6.26831, 886.11, 47.2046
1100000, 25.2197, 298.641, 0, 107.777, 15.7028, 639.611, 22.5388, 0, 865.82, 78.7018
1110000, 44.0475, 286.391, 33.8882, 136.043, 39.2731, 606.953, 5.63736, 0, 886.501, 47.1741
1110000, 28.3424, 277.082, 11.3174, 153.163, 0, 630.132, 11.2396, 6.26526, 814.034, 31.4529
1110000, 18.8934, 286.421, 0, 147.1, 0, 634.884, 22.541, 3.13644, 845.34, 94.4069
1130000, 31.4606, 305.316, 16.9624, 141.751, 0, 630.436, 16.9075, 3.13797, 875.253, 39.3654
1130000, 31.5178, 289.377, 16.9373, 170.077, 15.6937, 616.591, 22.5235, 6.26678, 844.845, 62.9669
1130000, 22.0573, 295.641, 16.9624, 192.58, 15.7028, 653.602, 0, 9.40628, 825.006, 47.213
1130000, 22.0917, 270.646, 22.5571, 152.912, 0, 626.008, 11.2579, 3.14178, 845.147, 78.7086
1140000, 22.0421, 274.256, 0, 169.843, 39.2616, 658.617, 11.2579, 3.13797, 865.939, 23.6397
1150000, 44.0804, 279.89, 0, 152.979, 31.4491, 615.873, 39.3661, 6.28052, 886.475, 70.8229
1150000, 31.4812, 273.858, 28.2059, 118.777, 47.142, 625.713, 5.63278, 6.26526, 844.754, 47.2206
1160000, 28.2997, 276.773, 11.3083, 147.383, 39.2868, 648.628, 11.274, 3.14026, 855.558, 94.3977
1160000, 34.6169, 296.049, 16.9762, 130.167, 15.712, 653.656, 33.802, 0, 937.715, 70.8687
1170000, 18.8904, 289.438, 0, 130.398, 31.4392, 606.777, 22.5403, 0, 844.979, 62.9631
1170000, 25.1495, 292.744, 28.2684, 113.26, 15.712, 625.851, 44.9997, 15.6815, 896.429, 62.9066
1180000, 31.4552, 258.137, 0, 135.89, 23.5588, 634.878, 28.138, 15.6799, 876.256, 78.7254
1180000, 28.3394, 277.337, 11.2747, 175.539, 23.5542, 620.371, 5.63278, 0, 814.893, 39.3219
1190000, 28.3127, 295.783, 0, 152.848, 31.424, 649.191, 0, 12.5412, 906.667, 70.8023
1190000, 22.0276, 299.137, 22.6303, 175.728, 47.0734, 625.443, 11.2396, 9.40552, 855.158, 118.084
1210000, 22.0276, 261.193, 16.9624, 113.335, 15.7196, 634.983, 28.1502, 0, 876.216, 70.8321
1210000, 37.7884, 277.494, 0, 102.016, 7.85599, 630.309, 0, 3.13797, 803.513, 7.87735
1210000, 6.30646, 261.136, 22.5876, 136.091, 23.5756, 634.793, 0, 9.40704, 937.787, 86.554
1210000, 22.0085, 283.187, 16.9586, 164.345, 31.4224, 625.784, 22.5273, 0, 834.349, 55.0934
1230000, 25.148, 295.76, 11.3007, 130.253, 0, 639.465, 22.5327, 0, 896.78, 23.6107
1230000, 28.3722, 270.462, 16.9624, 158.372, 23.5718, 634.994, 33.7784, 3.13034, 813.919, 94.4542
1230000, 18.8927, 261.093, 39.4997, 135.995, 0, 630.434, 11.2656, 3.13797, 814.763, 62.9364
1230000, 28.3455, 282.938, 22.5449, 158.536, 0, 616.084, 11.2579, 6.26068, 835.121, 55.1025
1250000, 18.8797, 283.368, 39.5233, 170.088, 15.7028, 620.829, 0, 0, 824.186, 110.249
1250000, 40.9302, 270.474, 28.3073, 152.692, 15.712, 635.417, 5.64117, 6.28052, 824.702, 55.0705
1250000, 31.4674, 292.948, 0, 130.417, 0, 629.93, 11.2656, 6.28052, 814.295, 47.1466
1270000, 25.1984, 267.477, 16.951, 118.971, 0, 625.372, 28.1708, 6.26068, 875.75, 94.5152
1270000, 9.44901, 299.017, 16.951, 158.715, 0, 620.876, 11.2656, 15.686, 834.646, 31.4667
1270000, 62.9372, 371.298, 28.2318, 147.36, 31.4224, 709.907, 16.88, 6.26831, 834.289, 94.4153
1270000, 18.8843, 336.619, 16.951, 175.367, 0, 668.532, 16.8983, 6.28052, 876.167, 110.177
1290000, 22.0001, 324.013, 16.9243, 118.784, 15.712, 724.242, 28.1158, 9.42078, 865.611, 23.584
1290000, 22.0512, 336.812, 50.901, 124.554, 23.5664, 700.57, 16.8945, 0, 834.647, 86.6058
1290000, 50.3471, 317.693, 11.2747, 164.091, 0, 681.82, 16.8518, 9.40704, 865.451, 47.2702
1320000, 22.0169, 371.275, 0, 101.898, 7.8598, 681.805, 5.62363, 0, 865.274, 70.7664
1320000, 22.0398, 289.579, 39.5386, 124.615, 0, 634.897, 22.4777, 3.14026, 886.594, 47.229
1320000, 18.8911, 292.471, 0, 130.091, 23.568, 626.005, 0, 6.28052, 885.979, 70.7657
1320000, 15.7394, 292.795, 11.2823, 141.499, 15.7288, 620.669, 22.496, 0, 865.005, 94.4565
1320000, 9.45969, 283.275, 33.8104, 152.819, 15.712, 649.383, 28.1265, 0, 855.495, 94.4229
1320000, 18.885, 292.694, 33.9127, 141.194, 31.3782, 621.081, 28.1548, 6.27594, 834.702, 47.2
1340000, 0, 274.114, 28.2936, 175.473, 15.7196, 625.638, 11.2473, 3.13263, 958.376, 55.1193
1340000, 6.2912, 289.806, 39.4188, 124.644, 39.2914, 629.923, 39.3883, 0, 897.021, 31.5239
1340000, 34.6306, 276.974, 11.3007, 164.368, 54.9904, 653.745, 5.61523, 6.27975, 854.707, 70.8786
1340000, 6.2912, 267.556, 56.3927, 147.31, 15.7196, 649.223, 0, 3.13416, 834.577, 86.5143
1370000, 37.7556, 273.763, 11.3083, 170.136, 0, 639.7, 22.5357, 6.2767, 886.002, 55.085
1370000, 18.9331, 260.947, 28.2372, 90.5693, 0, 620.984, 16.9235, 0, 804.099, 62.9578
1370000, 15.7341, 267.625, 11.3083, 107.692, 15.7288, 620.742, 0, 9.41086, 886.343, 15.7417
1370000, 12.5977, 276.859, 11.3007, 130.125, 15.7288, 621.184, 5.62897, 9.40094, 844.653, 117.957
1370000, 18.9034, 267.21, 50.8331, 124.722, 23.5756, 606.907, 11.2396, 6.28815, 886.23, 70.7802
1370000, 3.14178, 282.669, 28.2295, 73.6702, 23.5268, 639.919, 0, 0, 875.85, 55.072
1400000, 25.1846, 277.282, 5.64575, 135.831, 0, 630.485, 5.63736, 3.13034, 855.723, 70.8267
1400000, 28.3302, 298.832, 0, 96.3539, 7.85141, 625.522, 5.62897, 0, 855.315, 39.3303
1400000, 37.8441, 311.443, 11.2785, 164.355, 31.3965, 635.288, 16.9121, 0, 917.586, 55.1315
1400000, 12.5908, 311.919, 39.4951, 113.373, 54.9858, 653.235, 0, 6.27594, 834.158, 55.1216
1400000, 22.0268, 280.142, 16.9121, 147.372, 0, 625.694, 22.5052, 0, 824.447, 55.0507
1430000, 40.9523, 289.659, 0, 141.523, 0, 630.23, 22.4823, 6.26526, 875.906, 47.2046
1430000, 12.6083, 295.718, 11.2747, 130.116, 15.7196, 625.034, 33.7784, 6.27594, 855.386, 39.3524
1430000, 6.27594, 276.956, 5.65033, 107.819, 39.2441, 635.101, 11.2396, 0, 844.968, 31.4827
1430000, 15.7455, 274.166, 5.64575, 152.966, 54.9934, 620.883, 0, 6.28052, 886.066, 47.2031
1430000, 22.0383, 282.925, 0, 153.115, 39.3265, 639.468, 11.2579, 0, 865.897, 31.4926
1430000, 15.7425, 296.179, 11.2915, 118.92, 0, 634.964, 11.2473, 3.13416, 866.22, 47.2557
1440000, 3.14789, 299.078, 67.8291, 124.725, 7.84683, 630.287, 11.2656, 6.27289, 917.805, 70.8214
1440000, 31.4415, 276.828, 22.583, 147.346, 47.1123, 649.176, 5.61981, 0, 844.43, 62.9272
1450000, 31.4987, 283.102, 22.5754, 186.612, 31.4133, 616.312, 0, 3.13797, 875.959, 55.0461
1450000, 12.5717, 286.178, 16.951, 169.941, 0, 630.052, 11.2747, 0, 907.277, 62.9105
1470000, 25.164, 302.306, 33.9264, 175.646, 0, 625.587, 22.5403, 6.28357, 844.769, 78.6179
1470000, 15.7417, 286.585, 22.5647, 186.99, 31.4316, 616.547, 0, 6.28052, 927.907, 55.1216
1470000, 31.5216, 280.215, 39.5248, 141.671, 31.4445, 639.783, 5.61142, 9.40704, 793.488, 86.5456
1490000, 25.1984, 302.5, 11.2915, 113.211, 15.7196, 616.375, 28.1448, 3.13644, 927.342, 70.8397
1490000, 12.5839, 282.673, 5.65872, 130.312, 23.5756, 639.436, 0, 3.14178, 865.385, 62.9707
1490000, 3.1517, 305.518, 28.289, 141.666, 15.7288, 607.14, 16.877, 0, 886.874, 62.9578
1490000, 0, 276.496, 22.5662, 136.033, 15.7028, 615.845, 11.2747, 6.27289, 855.706, 39.3623
1500000, 18.9117, 267.204, 11.3174, 107.738, 39.2738, 616.454, 0, 0, 876.575, 55.0209
1500000, 15.7272, 292.75, 11.2915, 113.318, 23.5405, 648.885, 22.4625, 6.2706, 866.225, 47.1825
1510000, 12.6144, 283.092, 5.64117, 135.817, 54.9278, 639.706, 33.7631, 0, 865.749, 62.9532
1510000, 40.9027, 289.891, 0, 113.212, 23.5794, 620.73, 22.5044, 0, 845.46, 62.9738
1520000, 37.8387, 266.987, 0, 170.02, 23.5764, 616.29, 11.235, 6.27975, 865.189, 39.3784
1520000, 18.8461, 286.35, 0, 147.235, 54.9644, 644.632, 0, 0, 906.822, 78.6163
1530000, 9.45282, 311.358, 33.8882, 113.23, 31.424, 634.97, 0, 6.26068, 917.233, 94.4458
1530000, 37.7823, 289.62, 22.5662, 124.585, 15.6937, 630.41, 5.61142, 3.13644, 855.788, 55.0591
1540000, 44.088, 317.714, 28.1868, 153.079, 31.4148, 644.422, 39.4424, 6.27594, 855.357, 31.517
1540000, 22.0001, 286.462, 16.9037, 152.95, 0, 615.99, 11.2823, 9.4223, 906.663, 39.3822
1550000, 9.45816, 280.392, 22.6089, 152.831, 15.7288, 639.622, 0, 12.5458, 834.93, 55.0758
1550000, 34.6069, 289.153, 16.9624, 130.163, 23.5405, 620.816, 0, 0, 916.893, 55.072
1560000, 31.5262, 295.557, 45.2179, 141.593, 15.712, 639.424, 11.2473, 3.13263, 886.06, 78.6705
1570000, 22.0619, 276.968, 39.5973, 113.375, 47.1291, 615.966, 5.64117, 12.5305, 854.923, 55.098
1570000, 15.7303, 252.026, 11.3174, 141.713, 15.6937, 648.834, 0, 3.13797, 834.59, 47.216
1580000, 22.0375, 305.107, 56.3881, 141.709, 15.7379, 635.224, 5.61981, 0, 794.283, 86.5067
1580000, 40.8821, 276.585, 33.9043, 164.051, 31.4529, 644.188, 22.5052, 6.26831, 937.955, 47.1695
1590000, 37.841, 355.92, 11.2579, 135.97, 39.2784, 639.767, 22.5494, 6.27594, 814.083, 47.2282
1590000, 31.4735, 324.179, 11.2915, 147.397, 15.7196, 738.094, 11.2526, 12.5465, 834.886, 55.127
1600000, 25.1945, 345.95, 22.5914, 136.069, 23.5405, 686.406, 5.61981, 0, 854.919, 55.1025
1600000, 56.6368, 368.246, 33.8104, 141.459, 15.7288, 682.249, 5.62363, 18.8049, 865.736, 47.1901
1610000, 40.9126, 333.808, 0, 158.514, 0, 715.435, 0, 9.41696, 876.144, 55.0781
1620000, 47.1725, 352.51, 11.3083, 130.294, 47.1069, 639.082, 0, 9.41315, 886.607, 47.2176
1620000, 6.27594, 273.599, 0, 119.019, 15.7074, 611.78, 5.62897, 3.13263, 865.836, 55.1239
1630000, 37.7831, 270.831, 22.5159, 158.617, 15.7196, 630, 16.8854, 6.26831, 803.484, 39.3349
1630000, 15.7455, 267.45, 16.9235, 147.321, 23.5626, 606.29, 11.2579, 0, 855.289, 78.6896
1640000, 15.741, 289.64, 45.182, 152.895, 39.2693, 644.67, 11.2701, 9.4162, 823.89, 86.483
1640000, 22.0306, 283.208, 45.1958, 107.754, 0, 634.885, 11.2656, 0, 876.19, 31.4751
1660000, 18.9056, 282.927, 0, 135.947, 23.568, 648.466, 16.8686, 3.13797, 824.393, 47.1954
1660000, 15.7204, 280.291, 45.1904, 152.897, 15.6769, 667.756, 22.5365, 6.27594, 814.59, 39.2929
1660000, 34.6252, 273.915, 5.65872, 147.415, 47.1085, 630.271, 16.8465, 3.14026, 803.813, 62.9486
1660000, 15.7349, 289.685, 11.2915, 169.903, 23.584, 639.592, 11.2579, 3.14178, 844.707, 55.1109
1680000, 15.7364, 289.946, 22.5693, 170.063, 0, 649.274, 11.2434, 9.41696, 855.161, 55.0682
1680000, 15.7776, 302.318, 33.9615, 101.888, 7.85141, 634.743, 16.8983, 3.13644, 917.051, 62.9608
1680000, 31.427, 283.28, 0, 113.144, 7.86438, 629.991, 11.2396, 12.5412, 865.279, 55.0812
1680000, 25.1991, 277.142, 0, 147.302, 0, 644.607, 5.61523, 0, 886.456, 39.37
1700000, 12.5961, 279.875, 28.2043, 135.983, 15.712, 611.111, 5.61981, 3.13797, 824.575, 78.6827
1700000, 28.3028, 283.459, 5.64575, 169.827, 0, 630.573, 22.4831, 0, 876.347, 31.4583
1700000, 25.1801, 292.931, 16.9464, 152.895, 23.5588, 639.621, 22.5319, 3.14178, 886.211, 63.0081
1700000, 18.9064, 289.544, 11.3083, 113.162, 47.1085, 625.168, 16.9029, 3.14026, 855.343, 62.9539
1710000, 22.0566, 308.002, 22.5998, 153.027, 39.2616, 606.806, 5.63278, 9.40323, 845.541, 47.2153
1710000, 15.7509, 289.577, 0, 84.8717, 7.84683, 649.139, 5.62897, 18.8339, 845.281, 31.4911
1730000, 34.6687, 327.468, 28.2036, 158.621, 31.4148, 625.073, 0, 0, 834.355, 62.944
1730000, 15.7135, 277.03, 0, 124.547, 31.4316, 635.198, 28.1349, 0, 814.146, 118.021
1730000, 28.331, 289.429, 16.9548, 147.292, 0, 648.953, 22.5441, 0, 917.083, 47.213
1740000, 31.5079, 292.565, 0, 118.989, 23.5764, 640.032, 22.4861, 0, 845.074, 39.2998
1740000, 6.29578, 276.977, 39.5302, 147.34, 39.2876, 615.885, 5.63278, 0, 865.957, 62.9539
1750000, 9.44366, 286.824, 39.5378, 141.65, 70.6657, 644.397, 0, 0, 876.105, 70.8603
1750000, 22.0764, 277.016, 16.954, 113.219, 31.4407, 654.345, 11.2915, 9.42535, 772.895, 102.263
1760000, 15.7204, 276.715, 16.9151, 147.346, 15.7379, 620.647, 39.4814, 0, 834.579, 39.3349
1760000, 12.5946, 289.471, 5.64575, 158.694, 0, 634.943, 0, 12.545, 824.382, 94.4084
1770000, 22.0383, 289.516, 0, 147.438, 23.5977, 615.96, 22.5403, 0, 855.348, 70.816
1770000, 40.9264, 257.576, 5.65872, 153.082, 23.5313, 625.385, 5.61142, 0, 865.59, 70.874
1780000, 6.2912, 292.399, 0, 164.154, 23.5794, 621.177, 11.2579, 0, 886.273, 62.9845
1780000, 6.2912, 270.53, 33.9264, 124.629, 0, 639.698, 0, 3.13416, 835.37, 70.8176
1790000, 28.334, 279.807, 0, 113.26, 15.6937, 644.416, 16.9121, 3.14178, 865.699, 47.1741
1790000, 15.7402, 280.037, 0, 141.639, 0, 635.057, 5.62363, 3.13416, 865.862, 78.5889
1800000, 28.3371, 292.686, 0, 119.056, 31.385, 620.804, 0, 0, 855.243, 70.8397
1800000, 15.7051, 273.51, 22.5922, 130.201, 7.84683, 630.606, 16.8907, 0, 865.71, 31.4926
1820000, 28.3234, 276.876, 16.951, 158.646, 23.5359, 649.527, 11.2305, 0, 876.005, 70.7771
1820000, 25.2029, 283.235, 16.9373, 147.343, 0, 606.666, 22.5159, 0, 855.869, 23.6069
1820000, 15.7249, 276.651, 0, 119.016, 39.2433, 625.553, 16.8732, 0, 855.677, 39.3944
1820000, 53.5095, 277.19, 5.65414, 169.86, 15.7288, 630.675, 11.261, 0, 876.104, 47.2046
1830000, 18.895, 289.521, 22.6013, 147.044, 15.7028, 616.05, 16.8945, 6.26526, 865.871, 62.9013
1830000, 31.4713, 277.249, 11.3083, 153.054, 31.3713, 620.979, 0, 15.6929, 856.161, 55.0491
1850000, 25.1953, 283.125, 0, 130.383, 39.2876, 630.434, 11.2747, 0, 855.278, 86.5692
1850000, 18.8721, 283.369, 11.3007, 158.435, 7.85599, 635.108, 22.5243, 3.14178, 783.115, 70.7932
1850000, 18.9163, 276.624, 22.5906, 107.635, 0, 625.791, 11.2473, 0, 865.948, 70.7764
1870000, 0, 255.045, 5.6633, 107.647, 15.7074, 644.049, 22.5052, 0, 865.688, 47.2046
1870000, 15.744, 298.862, 45.1797, 147.312, 15.7028, 630.402, 28.2288, 0, 844.167, 23.6145
1870000, 34.6268, 277.177, 28.286, 124.52, 31.4316, 615.839, 28.1639, 0, 917.493, 78.7201
1870000, 37.7525, 292.614, 11.3266, 175.594, 23.5794, 611.345, 11.2823, 0, 803.833, 70.7886
1880000, 28.3821, 282.877, 11.2823, 152.965, 0, 621.043, 11.2656, 12.529, 855.078, 70.7779
1880000, 25.1846, 299.026, 16.9762, 164.295, 47.1397, 639.452, 0, 12.561, 896.523, 47.2046
1900000, 28.3592, 277.048, 11.3174, 135.678, 15.7028, 639.287, 11.3007, 12.5458, 834.731, 39.3219
1900000, 18.9003, 305.21, 28.2379, 136.021, 31.4392, 620.937, 11.2572, 0, 926.993, 39.3311
1900000, 18.8858, 339.938, 11.3083, 113.299, 31.3782, 630.473, 0, 3.14178, 814.195, 118.11
1920000, 25.1564, 346.358, 39.6019, 186.958, 31.424, 686.503, 11.2656, 3.13263, 896.317, 78.7125
1920000, 50.4097, 352.714, 33.8493, 158.85, 15.7028, 686.73, 22.5357, 6.28052, 896.499, 125.919
1920000, 34.6512, 314.568, 16.8869, 118.934, 39.283, 724.27, 5.61981, 0, 866.199, 39.3723
1920000, 44.072, 362.022, 5.64117, 124.632, 15.7028, 681.982, 5.63736, 3.13263, 896.066, 39.357
1930000, 25.1587, 346.302, 33.902, 192.787, 23.5634, 687.17, 11.2823, 0, 824.619, 47.2031
1930000, 31.4941, 339.847, 33.9134, 113.308, 39.3051, 667.782, 16.8846, 0, 876.476, 55.0552
1950000, 0, 289.361, 28.2707, 152.858, 15.7028, 620.827, 33.728, 3.14407, 886.652, 55.1041
1950000, 15.7478, 290.002, 0, 130.363, 0, 616.491, 11.2915, 9.4223, 834.27, 47.2038
1950000, 44.0422, 286.264, 22.583, 175.72, 23.5634, 634.755, 0, 0, 844.78, 39.3509
1970000, 18.8965, 280.343, 16.9899, 135.913, 15.7028, 653.966, 11.2656, 6.28204, 824.098, 47.1863
1970000, 15.728, 289.638, 28.2707, 118.916, 55.0179, 625.791, 5.62897, 6.28052, 855.331, 39.3471
1970000, 18.8835, 311.562, 16.9083, 158.542, 15.712, 620.995, 22.4869, 3.14178, 802.907, 78.6751
1970000, 22.0581, 279.742, 0, 147.316, 31.4148, 658.538, 0, 3.13416, 885.651, 39.3356
1980000, 15.7402, 283.494, 5.63736, 158.788, 47.126, 640.07, 5.63736, 0, 834.775, 23.6015
1980000, 0, 276.868, 11.3007, 147.44, 23.558, 625.449, 11.2473, 0, 896.889, 62.9257
2000000, 25.1793, 283.25, 28.2631, 118.998, 31.4369, 635.056, 28.1898, 0, 907.565, 47.2031
2000000, 22.0657, 270.705, 5.65414, 164.499, 0, 597.369, 16.8991, 0, 834.798, 31.4957
2000000, 28.3066, 295.875, 5.65033, 147.407, 15.7196, 635.1, 0, 6.28357, 896.338, 62.9616
2000000, 18.9163, 277.448, 16.9205, 175.619, 31.4224, 639.796, 0, 9.41696, 886.48, 47.229
2020000, 12.5793, 270.918, 5.64575, 164.14, 31.424, 620.946, 16.8869, 3.14178, 824.162, 78.6415
2020000, 40.9775, 305.015, 28.2066, 158.436, 23.5931, 635.031, 0, 9.40247, 885.694, 70.8107
2020000, 22.0039, 270.728, 16.9762, 107.601, 54.9591, 644.288, 11.2701, 9.39941, 906.769, 31.4392
2030000, 6.30646, 295.761, 11.3083, 96.2715, 31.3797, 639.509, 0, 6.28357, 845.088, 7.87277
2030000, 47.1413, 274.129, 5.65414, 141.68, 0, 634.85, 5.61981, 3.13644, 916.37, 23.6099
2040000, 22.0383, 305.013, 0, 147.387, 31.4575, 635.137, 0, 12.561, 814.6, 55.0644
2040000, 25.1892, 292.49, 16.9899, 147.351, 7.84683, 648.658, 0, 0, 855.956, 31.4659
2050000, 15.7158, 323.676, 16.951, 141.705, 0, 625.896, 22.5128, 6.26831, 814.192, 78.6835
2050000, 28.331, 296.173, 11.3083, 130.325, 47.1176, 629.977, 28.1235, 3.14026, 896.208, 55.1239
2060000, 15.7043, 280.179, 39.5195, 152.955, 23.6069, 635.204, 0, 0, 845.148, 55.0713
2060000, 12.6022, 299.323, 39.5416, 147.248, 39.2738, 615.905, 16.8678, 3.13797, 865.78, 15.7379
2070000, 9.45053, 270.439, 0, 135.942, 47.1329, 634.69, 5.63736, 6.28052, 845.312, 15.7288
2070000, 3.1517, 264.203, 28.2204, 141.675, 7.85141, 639.774, 11.2473, 0, 844.691, 55.1132
2090000, 3.14941, 286.503, 39.5409, 113.38, 47.1436, 634.856, 0, 0, 875.97, 23.5847
2090000, 9.45511, 289.38, 22.5922, 153.016, 15.7074, 611.697, 11.2747, 0, 896.878, 70.8252
2090000, 25.1953, 267.411, 11.2823, 164.106, 23.5619, 649.178, 16.8541, 6.27594, 834.538, 78.6697
2090000, 28.3096, 295.739, 11.3083, 118.907, 0, 644.56, 0, 15.6853, 885.464, 70.8611
2110000, 3.14178, 292.802, 0, 130.349, 23.5405, 630.246, 33.7708, 0, 897.182, 39.3448
2110000, 31.5132, 298.859, 22.5563, 141.502, 15.7028, 630.316, 11.2396, 0, 865.814, 31.4743
2110000, 12.5671, 288.988, 5.64575, 102.008, 7.85599, 616.579, 22.522, 9.4162, 793.287, 31.5002
2110000, 53.5324, 292.584, 5.65033, 175.46, 15.712, 616.138, 22.5494, 0, 845.11, 55.069
2120000, 31.4178, 295.876, 0, 158.649, 0, 615.94, 11.2617, 3.13797, 865.498, 62.9913
2130000, 31.4651, 276.543, 28.2295, 124.673, 23.568, 629.89, 22.522, 0, 844.825, 70.8954
2130000, 25.1862, 279.883, 16.9373, 96.2845, 31.4011, 625.272, 5.63278, 3.13797, 886.58, 102.316
2140000, 44.0964, 267.872, 11.293, 169.82, 47.081, 630.555, 16.9037, 3.13416, 854.875, 70.813
2140000, 28.3836, 293.057, 16.8983, 147.321, 31.4041, 620.669, 5.62897, 0, 886.143, 63.0119
2150000, 22.0573, 286.783, 16.9235, 130.149, 31.3965, 644.677, 16.8892, 0, 824.594, 70.8649
2150000, 6.2973, 292.574, 5.63736, 181.308, 23.5619, 639.642, 0, 0, 813.821, 39.3692
2160000, 28.3585, 302.313, 28.2196, 158.434, 15.6845, 625.591, 5.63278, 3.13644, 834.56, 47.1977
2160000, 12.5992, 286.022, 33.8356, 180.964, 39.222, 639.762, 5.63278, 15.6929, 866.087, 47.2
2180000, 12.5931, 311.14, 0, 130.081, 23.5321, 648.83, 16.88, 0, 865.228, 31.4713
2180000, 40.9035, 292.503, 16.9373, 124.65, 31.4407, 625.829, 0, 6.27213, 814.256, 55.1071
2180000, 22.0268, 261.243, 16.8869, 175.508, 47.142, 649.191, 5.61981, 12.5526, 845.244, 94.4115
2180000, 22.0306, 286.084, 11.2915, 141.642, 54.9644, 634.939, 5.62897, 0, 886.217, 55.0804
2190000, 44.0834, 270.281, 22.583, 181.535, 15.7028, 620.756, 28.0998, 3.13263, 885.953, 110.198
2190000, 31.4552, 305.203, 39.534, 101.92, 15.7028, 634.708, 39.3814, 0, 886.126, 110.157
2200000, 6.27594, 254.951, 16.9762, 107.556, 39.2746, 644.942, 0, 0, 823.975, 62.9646
2210000, 25.1732, 286.733, 11.2915, 119.067, 23.5588, 620.992, 11.3007, 3.14178, 855.494, 70.8527
2210000, 18.8736, 270.943, 0, 152.978, 0, 625.687, 0, 0, 834.55, 39.3654
2220000, 34.6458, 286.06, 22.5647, 164.349, 15.7196, 616.47, 28.1685, 0, 866.01, 70.8298
2220000, 25.1846, 339.622, 16.9624, 164.315, 23.5756, 676.817, 5.62897, 3.13797, 834.858, 31.4308
2230000, 28.3531, 368.245, 5.63278, 152.726, 23.558, 668.242, 16.9205, 6.2706, 865.239, 31.488
2230000, 50.4051, 320.582, 28.2448, 175.582, 15.7028, 696.252, 22.4777, 3.13263, 804.359, 23.5847
2240000, 50.3181, 377.683, 0, 187.038, 31.4407, 709.862, 5.63736, 3.13644, 793.671, 70.8252
2250000, 15.731, 371.725, 28.241, 130.279, 31.4316, 686.987, 16.8976, 6.26831, 772.551, 31.4575
2250000, 63.031, 367.402, 22.6357, 130.173, 39.2868, 733.676, 0, 3.14026, 875.685, 70.8572
2260000, 12.6045, 351.753, 0, 124.353, 31.4148, 663.595, 11.2656, 6.26068, 855.623, 63.0226
2260000, 12.5992, 309.058, 11.2915, 96.36, 15.7196, 653.783, 0, 0, 803.433, 15.7455
2280000, 25.1953, 283.711, 11.2823, 135.951, 7.85599, 630.131, 11.2656, 15.6723, 793.678, 55.0896
2280000, 22.0726, 283.194, 0, 147.241, 23.5542, 625.599, 22.522, 6.27289, 855.792, 55.098
2280000, 34.6184, 279.796, 28.2585, 113.19, 0, 630.422, 28.1891, 0, 834.681, 31.4758
2280000, 31.5056, 299.057, 0, 130.165, 31.424, 634.837, 11.2396, 0, 855.291, 55.1064
2290000, 34.5978, 261.19, 39.5111, 147.35, 7.84225, 634.567, 39.4722, 6.26526, 845.816, 86.5387
2290000, 25.1877, 276.869, 16.9762, 135.976, 31.4056, 630.157, 16.9373, 0, 875.507, 70.7634
2300000, 15.7242, 277.251, 16.9411, 170.066, 15.7288, 630.228, 0, 6.28052, 875.707, 47.2305
2300000, 6.31104, 276.889, 16.9899, 107.604, 31.4056, 635.284, 11.2823, 9.42078, 844.711, 55.0804
2310000, 15.77, 286.364, 0, 90.4968, 54.9904, 672.411, 0, 0, 876.33, 94.4389
2310000, 22.0047, 283.449, 0, 130.136, 0, 639.161, 16.8816, 3.13034, 865.653, 94.4473
2320000, 28.3302, 302.153, 39.5325, 130.308, 0, 620.274, 16.8945, 0, 803.191, 70.7962
2320000, 34.6085, 286.418, 28.2936, 118.959, 0, 653.41, 5.62363, 12.5458, 906.645, 118.038
2330000, 18.8629, 289.896, 11.3007, 130.276, 15.7028, 639.554, 28.1586, 9.41467, 773.214, 47.2122
2330000, 31.5514, 286.189, 39.5515, 158.513, 23.5542, 620.39, 16.9037, 0, 865.966, 47.1893
2350000, 31.4621, 289.872, 28.2379, 141.621, 0, 648.898, 0, 3.13644, 814.383, 70.7794
2350000, 37.8212, 286.617, 11.2656, 141.537, 31.4224, 634.753, 16.8633, 0, 813.964, 31.4926
2350000, 12.6083, 270.569, 0, 130.296, 0, 616.357, 11.2579, 9.42154, 855.639, 47.1733
2360000, 25.2014, 280.079, 0, 152.979, 7.83844, 592.439, 16.8945, 0, 824.105, 47.2198
2360000, 22.0451, 280.405, 28.2455, 152.881, 15.7455, 625.352, 11.2473, 6.26526, 886.005, 23.6145
2370000, 28.3112, 292.323, 16.9899, 158.512, 15.7028, 639.493, 5.63736, 0, 793.481, 70.8344
2370000, 6.29349, 286.592, 22.5739, 101.841, 15.7028, 625.423, 11.2579, 12.561, 866.013, 78.7514
2380000, 15.728, 277.277, 0, 164.454, 23.6069, 639.328, 0, 6.27594, 844.867, 15.7455
2380000, 9.43604, 292.931, 16.9624, 135.876, 15.6937, 634.961, 22.5273, 6.26526, 865.499, 110.121
2400000, 9.4368, 296.297, 0, 107.633, 47.1161, 635.211, 16.8884, 12.5488, 886.203, 117.886
2400000, 12.5763, 279.826, 50.8759, 170.109, 31.4323, 635.105, 16.8907, 0, 896.295, 39.3776
2400000, 6.2912, 302.037, 0, 147.424, 15.6937, 635.411, 5.62363, 3.13416, 886.436, 31.4667
2400000, 0, 270.335, 11.2915, 119.029, 15.712, 601.968, 5.63736, 0, 845.244, 70.8138
2410000, 31.4278, 299.278, 11.2747, 135.976, 31.3889, 625.441, 22.5494, 0, 875.598, 102.261
2410000, 22.0238, 292.89, 0, 147.408, 39.2784, 616.309, 16.8983, 3.13034, 875.377, 78.685
2420000, 34.6031, 308.287, 11.2823, 102.041, 47.1855, 611.592, 22.4976, 0, 886.359, 39.3127
2420000, 34.6535, 292.755, 0, 130.302, 7.85141, 644.877, 11.2526, 0, 896.901, 62.9707
2430000, 31.4407, 270.576, 28.1952, 124.675, 23.5542, 648.967, 33.7982, 6.27289, 896.745, 31.4835
2440000, 6.29578, 273.889, 22.6349, 141.402, 15.6769, 640.02, 0, 0, 885.508, 39.3692
2440000, 25.1823, 305.367, 22.6166, 130.199, 15.6937, 653.509, 16.8869, 3.14178, 814.346, 78.64
2450000, 25.1938, 308.713, 45.1248, 130.312, 0, 620.684, 11.2579, 15.6754, 886.779, 86.5128
2450000, 18.9003, 302.478, 0, 152.827, 23.5535, 629.939, 11.2305, 6.27289, 886.186, 23.5931
2460000, 15.728, 276.849, 11.3007, 175.608, 7.85141, 611.41, 33.7524, 0, 928.51, 55.0323
2460000, 12.5816, 283.524, 45.1553, 164.346, 0, 639.612, 5.63736, 3.13416, 876.835, 78.6995
2470000, 15.7471, 270.61, 22.596, 152.893, 23.5313, 635.299, 45.0821, 0, 865.3, 47.2458
2470000, 28.315, 299.129, 0, 141.661, 31.3965, 611.693, 11.2747, 6.27594, 886.407, 15.7288
2480000, 25.206, 273.454, 11.3007, 96.2952, 7.8598, 630.007, 16.851, 9.42383, 865.55, 23.6153
2480000, 9.44519, 308.422, 16.8846, 135.893, 31.4484, 621.11, 0, 0, 855.152, 55.0766
2500000, 15.7394, 279.789, 0, 147.2, 15.7028, 620.738, 11.2396, 0, 886.516, 15.7547
2500000, 62.9875, 270.711, 11.3174, 124.57, 15.7288, 625.572, 22.5235, 3.13263, 803.934, 39.2914
2500000, 9.4368, 289.661, 22.644, 147.38, 23.5359, 639.708, 16.8594, 3.14178, 803.936, 125.919
2500000, 6.29349, 292.04, 11.2915, 186.752, 0, 639.612, 0, 0, 865.944, 62.9456
2510000, 25.1762, 283.087, 22.583, 124.784, 15.7028, 615.855, 11.2305, 6.27289, 824.447, 47.2122
2510000, 9.43222, 280.283, 0, 135.781, 7.83844, 611.224, 5.63736, 0, 855.386, 31.4575
2520000, 25.2075, 283.1, 11.3007, 130.479, 15.7028, 620.75, 5.64575, 3.14026, 835.252, 70.8549
2520000, 3.1517, 296.082, 0, 118.82, 15.6937, 649.59, 56.2271, 3.14407, 845.679, 55.1369
2530000, 22.0543, 273.82, 11.2823, 130.223, 39.2754, 635.271, 28.1563, 6.28052, 866.261, 78.6781
2530000, 47.2527, 311.675, 11.3007, 153, 23.568, 620.447, 0, 0, 856.255, 55.0781
2540000, 53.4767, 368.016, 16.9624, 169.944, 0, 695.868, 0, 6.26831, 865.966, 78.6575
2550000, 28.3165, 349.78, 11.3083, 181.424, 39.2746, 672.484, 0, 0, 876.202, 78.6736
2550000, 6.30646, 343.092, 11.3174, 141.611, 31.4362, 710.254, 0, 0, 834.305, 70.8
2560000, 31.4644, 324.498, 11.3083, 130.322, 31.4575, 695.76, 11.2656, 0, 907.069, 39.3524
2560000, 22.0367, 324.641, 56.5109, 107.48, 15.7196, 677.076, 16.8892, 3.14026, 876.173, 78.6598
2570000, 25.1579, 333.652, 22.644, 152.889, 23.5329, 696.386, 5.62897, 6.27594, 824.879, 23.5931
2570000, 47.271, 311.433, 28.2593, 224.644, 15.7196, 663.047, 0, 0, 824.387, 78.6629
2580000, 22.0215, 283.138, 11.3083, 113.213, 0, 625.61, 11.2579, 9.40704, 783.385, 39.3089
2590000, 31.5048, 302.049, 0, 113.422, 15.6769, 653.794, 5.62897, 0, 885.936, 47.2176
2590000, 6.30646, 314.822, 0, 158.411, 0, 601.971, 11.2617, 0, 886.61, 102.282
2600000, 22.0695, 296.057, 11.2915, 130.385, 39.2616, 616, 33.7433, 6.28052, 876.568, 110.141
2600000, 9.4368, 289.388, 0, 130.267, 31.4102, 625.864, 0, 0, 865.74, 62.9631
2610000, 0, 276.491, 28.2539, 107.673, 39.296, 639.974, 16.8892, 0, 876.476, 70.7886
2610000, 18.8774, 308.62, 0, 158.624, 47.1436, 611.267, 5.60684, 0, 855.482, 70.7764
2620000, 37.7876, 295.706, 16.9121, 101.819, 23.5466, 630.209, 5.61981, 12.5565, 876.173, 39.3387
2620000, 18.8393, 295.807, 11.2747, 141.434, 15.6982, 625.784, 22.4808, 15.683, 855.572, 102.389
2630000, 28.3691, 283.467, 28.2059, 198.327, 0, 616.678, 33.7906, 3.13797, 844.897, 23.5924
2630000, 31.4835, 286.055, 0, 141.334, 23.571, 639.703, 5.63736, 0, 865.543, 70.8244
2640000, 18.8904, 276.569, 11.2915, 141.575, 0, 649.075, 16.8945, 6.27594, 845.293, 47.2115
2640000, 0, 308.054, 28.2516, 124.646, 7.84683, 625.347, 22.5037, 0, 896.122, 62.973
2650000, 28.3241, 270.596, 0, 153.02, 54.9553, 630.517, 45.0775, 9.42078, 803.748, 62.9494
2650000, 34.6916, 261.288, 22.6006, 141.56, 0, 616.138, 16.9075, 0, 865.776, 110.137
2660000, 47.1909, 295.962, 28.2425, 158.608, 0, 639.558, 11.2526, 6.26526, 834.949, 23.6229
2660000, 34.6703, 298.534, 11.3083, 175.83, 23.5886, 644.467, 22.5159, 6.27289, 875.75, 47.226
2670000, 6.30112, 283.258, 39.5271, 164.164, 23.5039, 649.049, 5.63278, 0, 876.584, 23.6435
2680000, 28.3333, 289.529, 16.8709, 96.4165, 23.5931, 606.279, 0, 0, 876.01, 110.179
2680000, 15.7387, 267.396, 16.9235, 175.636, 23.5489, 649.227, 22.5159, 6.26068, 865.9, 86.5425
2690000, 9.44901, 261.22, 16.951, 130.235, 47.1329, 644.721, 0, 9.4162, 906.492, 39.3639
2690000, 25.1587, 302.077, 45.1523, 158.595, 15.7028, 621.089, 28.1364, 9.39713, 824.792, 55.0903
2700000, 22.0276, 270.392, 11.2915, 158.499, 15.7028, 639.552, 0, 6.28357, 844.971, 55.0995
2700000, 6.28357, 292.644, 11.3174, 152.949, 7.85141, 639.536, 16.8694, 9.4162, 896.646, 70.8618
2710000, 18.8843, 277.213, 11.2747, 164.365, 39.2662, 620.602, 16.8762, 0, 875.616, 70.8084
2710000, 22.0314, 276.741, 16.9029, 124.525, 31.4575, 615.996, 5.62363, 3.13416, 845.555, 55.1231
2720000, 9.44748, 283.414, 11.3434, 118.971, 0, 639.699, 22.5128, 6.28052, 875.681, 62.9631
2720000, 47.197, 277.181, 22.6089, 118.907, 31.4148, 639.703, 39.3959, 0, 845.058, 86.5517
2730000, 47.2565, 276.985, 16.9327, 158.43, 0, 649.231, 16.8594, 9.42459, 896.914, 39.3509
2730000, 25.1671, 267.377, 16.9235, 135.861, 23.5535, 649.283, 11.2823, 9.4223, 886.666, 47.1954
2750000, 6.31104, 270.705, 16.9624, 158.596, 0, 644.695, 16.8671, 0, 896.043, 47.2298
2750000, 28.3195, 289.431, 0, 169.945, 47.0978, 625.605, 16.8983, 3.14026, 814.272, 47.2038
2750000, 34.5634, 279.886, 22.5998, 124.556, 47.0856, 621.271, 11.2396, 0, 844.305, 39.3524
2760000, 25.1572, 267.457, 11.2961, 141.581, 23.5764, 653.559, 22.4922, 15.6746, 906.599, 62.9318
2760000, 37.8433, 286.449, 28.2906, 152.944, 0, 635.23, 16.8991, 3.14407, 896.74, 47.1779
2770000, 31.5369, 286.536, 11.3174, 141.487, 15.712, 615.749, 5.63278, 3.13644, 865.632, 55.0758
2770000, 9.4368, 270.589, 39.534, 124.693, 15.712, 616.103, 16.9235, 3.14178, 845.253, 70.8138
2780000, 25.2136, 261.091, 11.3174, 113.184, 15.7028, 616.476, 11.2473, 3.13797, 865.239, 117.997
2780000, 40.8508, 264.462, 39.5111, 152.992, 7.85599, 625.592, 0, 0, 896.704, 39.3471
2800000, 3.14789, 283.072, 11.3007, 181.371, 31.4056, 634.681, 22.522, 0, 793.767, 31.4651
2800000, 6.29578, 315.218, 0, 96.2723, 23.5405, 630.395, 0, 9.4101, 876.151, 70.7916
2800000, 31.4484, 286.641, 0, 135.82, 7.85599, 630.904, 0, 3.13797, 896.473, 55.1117
2800000, 22.0604, 292.513, 0, 158.572, 15.7288, 635.165, 0, 0, 999.359, 78.714
2810000, 22.036, 305.54, 33.8966, 164.326, 7.86438, 639.616, 0, 0, 989.159, 15.7379
2810000, 47.1405, 301.758, 16.9762, 158.665, 31.3812, 625.262, 16.8808, 0, 968.082, 39.3402
2830000, 9.44672, 298.707, 5.6633, 170.045, 31.4148, 649.071, 22.5311, 6.28357, 948.502, 86.5501
2830000, 15.7463, 280.524, 11.3007, 169.908, 31.3965, 639.497, 0, 12.5366, 1010.64, 55.0842
2830000, 3.14941, 286.395, 11.2473, 113.316, 31.3965, 593.198, 11.2747, 9.40857, 938.112, 55.1056
2830000, 0, 321.021, 0, 124.625, 31.4133, 644.255, 16.9029, 12.5488, 988.824, 47.2137
2840000, 18.895, 302.416, 28.2547, 124.673, 15.7288, 630.398, 11.2305, 0, 979.059, 62.9601
2840000, 6.29883, 295.953, 28.2425, 169.868, 39.2784, 634.792, 33.7875, 6.28052, 1040.9, 47.2214
2860000, 25.206, 286.507, 22.6013, 147.432, 15.712, 620.529, 28.1174, 12.5534, 1082.5, 70.8321
2860000, 3.14941, 286.702, 22.5494, 113.367, 23.5794, 635.342, 0, 0, 958.376, 78.6919
2860000, 56.6391, 343.293, 28.199, 169.968, 15.6937, 700.549, 22.5479, 6.27594, 968.962, 78.7155
2880000, 18.9087, 305.366, 16.964, 164.304, 15.7379, 644.536, 22.4884, 0, 948.065, 86.5891
2880000, 31.4934, 276.61, 11.2656, 169.804, 54.969, 630.271, 11.2572, 3.13416, 968.951, 55.069
2880000, 9.45969, 279.901, 0, 135.822, 23.5619, 625.648, 0, 6.27594, 1009.78, 15.7417
2880000, 9.41391, 280.246, 45.1714, 130.343, 0, 629.696, 16.8869, 0, 917.476, 47.2076
2900000, 12.6083, 308.351, 0, 158.546, 7.84683, 635.275, 11.2305, 6.27594, 989.56, 102.29
2900000, 22.0154, 320.93, 16.967, 164.143, 0, 634.653, 22.4945, 12.5488, 988.786, 47.2206
2900000, 22.0543, 304.953, 22.6181, 152.884, 23.5283, 654.012, 11.2579, 0, 989.868, 62.8448
2900000, 18.9003, 295.786, 11.3083, 147.323, 23.584, 648.907, 16.8884, 12.5504, 947.725, 70.7748
2920000, 21.9933, 261.245, 0, 164.283, 15.7623, 621.008, 11.2579, 3.14178, 979.501, 86.5097
2920000, 31.4987, 261.246, 16.9327, 118.891, 23.6099, 630.453, 33.7898, 0, 999.479, 39.3524
2920000, 44.0613, 295.779, 16.9373, 135.97, 31.4392, 630.202, 16.8541, 3.13644, 1010.1, 55.085
2930000, 40.9355, 289.523, 11.3174, 147.31, 15.7028, 615.99, 11.2579, 0, 989.094, 110.143
2930000, 40.8989, 283.011, 62.1063, 147.246, 31.4232, 630.337, 11.2747, 3.13416, 1010.28, 47.216
2940000, 15.7608, 289.701, 28.2127, 124.702, 0, 625.855, 0, 3.14026, 957.918, 47.1504
2940000, 28.3157, 271.184, 11.3083, 170.134, 31.4133, 611.47, 22.5128, 15.683, 978.929, 86.5211
2950000, 31.5216, 280.193, 11.2915, 153.03, 23.5802, 630.007, 0, 0, 948.335, 31.4575
2950000, 28.3104, 280.474, 39.5432, 164.288, 23.5497, 644.527, 11.2747, 9.41696, 949.245, 62.8731
2960000, 12.6068, 286.557, 11.2915, 152.89, 7.84683, 606.589, 0, 9.41849, 1009.63, 23.6183
2960000, 18.8988, 304.911, 22.6349, 130.244, 23.5939, 625.169, 16.9235, 12.5488, 999.997, 47.2046
2970000, 18.9011, 280.082, 0, 158.698, 39.2616, 644.663, 16.9083, 0, 1000.43, 86.5334
2970000, 31.4392, 282.739, 16.9121, 164.055, 31.3797, 644.251, 5.61981, 15.6792, 979.417, 94.429
2980000, 12.5885, 264.198, 22.6013, 209.513, 0, 625.86, 11.2656, 9.40552, 938.12, 55.0644
2980000, 47.2389, 286.4, 0, 118.863, 31.4316, 625.581, 11.2137, 0, 979.42, 47.2702
3000000, 22.0383, 311.439, 0, 135.947, 31.4407, 625.732, 28.2059, 3.13797, 1041.09, 70.8473
3000000, 0, 276.876, 39.5233, 164.127, 15.7196, 615.905, 5.61523, 9.41315, 1051.75, 70.8611
3000000, 6.29883, 289.401, 16.8983, 187.277, 7.85599, 630.144, 22.5533, 0, 1030.68, 55.0888
3000000, 22.0634, 289.52, 0, 135.949, 0, 644.51, 22.4869, 6.26831, 958.591, 15.7455
3010000, 9.44748, 270.734, 22.6089, 130.421, 7.84683, 634.79, 11.2312, 6.27594, 957.789, 39.3562
3010000, 31.488, 292.934, 0, 169.942, 7.85599, 611.343, 28.1776, 0, 886.282, 39.3448
3020000, 40.95, 270.612, 0, 130.296, 7.84683, 616.426, 0, 0, 814.009, 62.9234
3030000, 9.44824, 289.542, 22.5922, 152.807, 0, 634.451, 33.786, 0, 917.107, 23.6237
3030000, 0, 274.018, 33.9058, 147.258, 31.4133, 625.561, 5.62363, 6.28357, 865.694, 62.9532
3040000, 40.9554, 273.722, 22.5662, 147.572, 62.8708, 644.791, 11.2663, 3.14178, 865.831, 62.9662
3040000, 50.3906, 295.992, 22.583, 153.023, 0, 630.396, 5.61523, 6.28052, 907.703, 62.9829
3050000, 31.5132, 292.96, 0, 186.942, 47.1642, 615.942, 5.64117, 0, 896.235, 70.8237
3050000, 40.9851, 263.86, 0, 153.085, 7.84225, 639.693, 16.8976, 0, 896.736, 15.7333
3060000, 25.19, 261.456, 22.5998, 124.568, 31.4148, 630.388, 16.9029, 12.5534, 907.507, 55.0461
3060000, 22.0131, 285.888, 11.3083, 164.261, 15.7196, 635.119, 11.2473, 3.13797, 844.8, 31.4621
3070000, 15.7341, 289.386, 28.2204, 170.009, 23.5451, 602.051, 11.2526, 3.13797, 855.054, 62.9616
3070000, 31.5277, 361.354, 16.9899, 158.866, 7.85141, 696.438, 33.7051, 12.5534, 793.301, 78.701
3080000, 44.0819, 348.797, 11.3083, 101.915, 0, 705.661, 11.2473, 0, 865.492, 94.4
3080000, 34.6191, 365.234, 22.5822, 153.095, 23.5794, 696.368, 22.5159, 9.42841, 803.97, 47.1809
3090000, 22.02, 318.214, 11.3174, 169.954, 15.7028, 682.552, 11.2526, 6.28052, 772.854, 62.9662
3100000, 31.4896, 349.433, 0, 164.15, 15.712, 705.856, 11.2389, 0, 906.695, 110.119
3100000, 37.8105, 343.233, 11.2823, 118.893, 15.7028, 672.622, 0, 0, 855.093, 31.4919
3110000, 37.7853, 336.495, 5.65033, -2.20102e+06, 15.712, 710.38, 0, 9.41467, 896.001, 94.5145
3110000, 31.5361, 280.134, 0, 152.97, 0, 620.849, 33.7601, 6.27289, 906.658, 70.7954
3120000, 22.0695, 298.698, 56.4621, 124.599, 54.9767, 616.273, 5.63278, 6.28357, 875.819, 31.4667
3120000, 37.7853, 302.418, 33.8745, 147.166, 15.7028, 634.758, 22.5052, 0, 906.568, 39.3303
3140000, 37.8159, 274.049, 0, 170.268, 31.424, 615.987, 28.0807, 0, 906.819, 78.7041
3140000, 40.9576, 292.259, 0, 169.89, 15.712, 629.684, 11.2656, 0, 896.472, 39.357
3140000, 15.7394, 273.874, 0, 135.97, 15.7028, 639.803, 5.63278, 3.13416, 834.044, 102.332
3140000, 22.0551, 270.772, 16.9411, 96.273, 47.1603, 606.644, 11.2396, 3.13644, 876.089, 39.3303
3150000, 31.4728, 286.285, 28.3073, 119.03, 39.3044, 630.048, 28.0899, 0, 844.984, 47.1832
3150000, 15.7089, 295.817, 0, 147.095, 23.5756, 639.34, 16.9121, 6.27289, 855.93, 55.0941
3160000, 18.8927, 283.197, 0, 175.517, 0, 635.099, 0, 0, 803.441, 86.5799
3160000, 18.895, 292.872, 11.3174, 113.412, 0, 630.172, 11.2747, 6.28052, 875.745, 39.3814
3170000, 37.8174, 279.848, 11.3007, 164.345, 31.4224, 625.71, 5.63278, 3.13416, 844.975, 55.1056
3170000, 15.7547, 308.611, 11.3007, 141.411, 23.5542, 616.278, 11.2747, 0, 875.948, 55.1018
3190000, 40.9393, 298.921, 28.2021, 186.97, 15.7028, 606.817, 0, 6.25763, 844.247, 133.704
3190000, 31.4484, 305.048, 22.583, 147.155, 15.7074, 644.368, 11.2915, 12.5259, 865.382, 39.3578
3190000, 18.9011, 299.198, 0, 124.652, 15.7074, 635.155, 11.2656, 6.28052, 845.268, 23.6061
3210000, 25.2129, 270.428, 11.2915, 130.352, 31.3614, 648.771, 39.4127, 9.41238, 937.402, 55.0644
3210000, 28.3218, 280.212, 33.8608, 119.022, 15.712, 625.585, 16.9418, 0, 804.489, 125.851
3210000, 21.9894, 320.586, 11.3083, 118.897, 15.7028, 616.138, 0, 6.27594, 875.516, 55.0735
3210000, 22.0215, 295.941, 0, 164.388, 7.85141, 606.775, 5.61981, 9.4017, 875.837, 70.8214
3220000, 25.1877, 267.537, 22.6349, 130.218, 31.4224, 634.695, 22.5235, 6.27289, 886.459, 62.9562
3220000, 47.142, 298.786, 0, 113.213, 39.2647, 630.09, 0, 9.40628, 854.958, 125.941
3230000, 22.0078, 264.294, 39.5172, 147.272, 15.7028, 634.996, 5.63736, 3.13797, 886.626, 78.7064
3230000, 0, 308.334, 16.9235, 147.167, 23.5443, 644.35, 22.5235, 6.28052, 844.704, 31.4964
3240000, 3.15323, 295.937, 0, 147.292, 15.7028, 630.244, 22.5479, 0, 875.607, 23.5893
3240000, 9.4368, 289.447, 0, 147.463, 39.2609, 630.29, 11.2396, 0, 844.65, 55.069
3260000, 18.8904, 289.85, 28.212, 158.549, 15.7028, 615.819, 16.8716, 9.39713, 927.095, 55.0827
3260000, 34.6184, 271.202, 0, 130.381, 39.2662, 634.784, 22.5571, 0, 844.997, 39.3135
3260000, 15.728, 273.444, 22.6051, 181.207, 15.7028, 630.439, 0, 3.14178, 886.276, 55.0423
3260000, 40.9355, 270.245, 39.5599, 130.333, 15.6937, 630.13, 0, 3.13263, 813.911, 47.2748
3280000, 37.6862, 267.442, 33.8608, 164.297, 0, 625.793, 11.2656, 0, 825.048, 31.4529
3280000, 12.6114, 308.192, 11.2396, 198.23, 31.3873, 630.258, 16.9113, 6.27289, 845.044, 47.1565
3280000, 25.1472, 295.969, 22.6013, 113.275, 0, 634.743, 0, 0, 855.473, 23.5931
3290000, 28.3455, 299.138, 5.64575, 158.765, 15.7028, 621.024, 11.235, 6.28052, 876.274, 7.86438
3290000, 28.3043, 280.383, 39.5851, 147.385, 15.712, 639.774, 28.1265, 0, 855.308, 78.7048
3300000, 6.28815, 292.712, 0, 135.943, 23.568, 634.776, 16.88, 3.13797, 855.65, 63.0112
3300000, 25.1205, 267.582, 22.6013, 113.338, 0, 634.798, 5.64117, 3.13416, 845.191, 47.1786
3310000, 22.023, 302.119, 11.3083, 124.554, 0, 634.843, 0, 6.26831, 835.007, 31.4667
3310000, 25.1663, 261.528, 28.1624, 164.199, 7.85141, 620.747, 11.2656, 6.26526, 896.208, 47.258
3320000, 9.44366, 299.222, 22.6349, 147.148, 31.4369, 630.769, 22.5143, 0, 824.463, 62.9677
3320000, 18.8797, 280.371, 5.64117, 152.917, 23.5497, 635.14, 11.2473, 12.5511, 824.235, 39.3486
3330000, 18.8805, 282.845, 33.9249, 141.624, 7.8598, 668.251, 11.2747, 12.5519, 813.84, 55.0461
3330000, 18.8828, 308.208, 0, 152.874, 15.7028, 620.746, 0, 9.41315, 844.99, 31.4888
3340000, 15.728, 305.577, 22.5121, 124.519, 23.5794, 630.377, 33.744, 9.40552, 886.273, 47.2115
3340000, 6.2973, 282.803, 28.2516, 153.129, 31.4453, 621.15, 11.2579, 12.5366, 834.937, 62.9852
3360000, 18.8873, 273.986, 0, 158.676, 7.8598, 639.605, 5.61523, 0, 865.541, 23.5764
3360000, 50.3098, 286.841, 0, 124.532, 15.712, 602.362, 0, 6.28357, 844.958, 78.653
3360000, 22.0459, 267.201, 0, 158.631, 15.6937, 629.685, 11.2656, 3.13416, 845.036, 94.3916
3360000, 31.4575, 276.984, 0, 181.57, 0, 625.336, 28.138, 15.686, 896.286, 62.9417
3380000, 22.0375, 264.415, 0, 158.568, 15.6937, 649.151, 16.906, 15.6921, 793.582, 78.7445
3380000, 15.744, 302.38, 16.9762, 130.254, 0, 601.881, 0, 6.27213, 886.278, 31.4758
3380000, 6.2912, 267.094, 45.1797, 136.071, 15.7288, 630.148, 33.8196, 6.28815, 823.992, 55.1285
3400000, 12.5954, 296.031, 16.951, 175.307, 0, 635.001, 5.62897, 9.42383, 854.997, 86.5425
3400000, 6.29959, 336.423, 28.2677, 164.287, 7.85599, 668.102, 28.1776, 0, 835.103, 23.6267
3400000, 47.2404, 358.506, 0, 169.933, 15.7112, 710.308, 5.63736, 0, 845.532, 47.2534
3400000, 56.6528, 359.22, 50.8919, 153.02, 0, 701.041, 16.8777, 0, 917.333, 23.6015
3420000, 44.0819, 377.587, 11.3083, 130.155, 31.4224, 668.295, 5.63736, 3.14178, 989.15, 55.0591
3420000, 44.1345, 314.856, 5.65033, 175.631, 0, 705.404, 16.8846, 6.28052, 1000.06, 78.6163
3420000, 25.1747, 355.753, 0, 147.343, 15.7028, 701.038, 22.5159, 0, 906.384, 55.0674
3420000, 28258.2, 330.615, 11.3007, 141.509, 23.5619, 663.475, 22.5403, 9.41772, 969.093, 86.6074
3440000, 18.8782, 283.532, 28.228, 130.434, 15.6982, 620.889, 16.9197, 6.28052, 1040.36, 47.2298
3440000, 34.6649, 292.487, 22.6013, 141.66, 15.712, 620.71, 5.63278, 0, 1010.18, 70.7748
3440000, 3.15552, 279.865, 5.64117, 175.293, 31.4056, 625.179, 0, 0, 1020.44, 39.344
3440000, 37.7686, 298.962, 28.2982, 135.787, 0, 630.145, 0, 3.13797, 1019.83, 39.3684
3450000, 28.3264, 264.328, 11.2823, 124.556, 31.4316, 644.299, 0, 6.27289, 969.901, 47.2221
3450000, 25.1793, 273.759, 0, 113.363, 47.1344, 649.478, 0, 0, 978.853, 70.784
3460000, 37.7899, 298.981, 0, 147.369, 0, 620.788, 0, 9.40552, 958.118, 47.2214
3460000, 31.4758, 305.579, 33.9081, 164.346, 7.85599, 649.15, 16.8953, 6.26831, 1030.07, 55.1025
3470000, 15.7516, 276.817, 16.88, 169.936, 7.86438, 635.028, 5.62897, 0, 999.596, 47.2198
3470000, 0, 292.7, 22.583, 136.208, 15.712, 620.738, 0, 6.28052, 957.849, 47.2
3480000, 15.7471, 305.381, 16.8594, 118.97, 0, 620.368, 0, 6.27289, 958.487, 94.4199
3480000, 37.8014, 286.318, 11.3083, 187.031, 0, 635.118, 16.8892, 0, 937.569, 110.253
3490000, 6.2912, 314.653, 45.1141, 107.729, 39.2525, 634.912, 22.5479, 3.14178, 948.003, 47.2572
3500000, 22.0276, 292.847, 16.8869, 107.645, 15.6845, 639.647, 28.1731, 9.42001, 844.78, 39.2822
3500000, 25.1907, 283.227, 11.3007, 135.883, 15.712, 639.867, 11.2747, 6.2706, 844.78, 55.1437
3510000, 34.5993, 302.11, 28.2059, 101.94, 47.142, 634.924, 28.1113, 0, 886.563, 94.4733
3510000, 12.6282, 273.957, 0, 135.885, 31.424, 625.496, 22.5052, 0, 823.988, 62.9333
3530000, 3.14941, 308.592, 0, 136.057, 0, 620.871, 39.418, 9.41467, 875.438, 94.3047
3530000, 9.45892, 283.301, 16.9159, 113.131, 0, 621.027, 5.62897, 0, 896.499, 7.87277
3530000, 12.5961, 296.192, 0, 141.73, 31.3629, 639.462, 33.8043, 6.28357, 803.59, 55.0423
3530000, 6.29578, 288.982, 16.9594, 135.994, 15.7196, 635.02, 0, 12.5465, 865.758, 62.9745
3550000, 18.84, 283.253, 39.5325, 130.19, 47.142, 625.63, 11.2656, 0, 845.101, 47.1588
3550000, 25.1961, 270.759, 0, 147.206, 15.7196, 620.819, 11.2747, 0, 793.726, 94.2657
3550000, 50.4211, 277.047, 16.9235, 118.919, 15.6937, 639.61, 22.5357, 9.41467, 844.707, 47.2389
3550000, 6.29883, 292.268, 16.9121, 175.328, 0, 611.157, 22.5403, 6.28815, 814.441, 55.0804
3560000, 0, 286.459, 22.5754, 136.063, 39.2647, 630.153, 22.5052, 9.42078, 865.651, 78.653
3560000, 25.164, 299.042, 5.63736, 136.017, 15.6937, 616.332, 22.5128, 6.26526, 886.416, 39.3646
3570000, 22.0345, 283.107, 0, 135.808, 0, 644.407, 11.274, 6.27594, 844.421, 62.9631
3570000, 15.7288, 267.165, 5.65033, 158.446, 0, 630.399, 5.63278, 3.13644, 896.502, 55.0873
3590000, 31.5247, 267.452, 28.2028, 124.701, 31.4316, 616.305, 0, 12.5542, 855.222, 23.6313
3590000, 3.14407, 270.999, 0, 147.284, 0, 635.27, 11.2617, 0, 865.543, 62.9349
3590000, 40.9195, 292.48, 16.9373, 147.132, 31.4224, 644.494, 22.4945, 0, 855.709, 55.0858
3590000, 15.7326, 264.029, 0, 153.033, 23.5718, 625.745, 5.63278, 12.5259, 875.668, 55.0674
3600000, 9.44366, 296.11, 0, 107.635, 15.7196, 620.885, 28.1784, 6.28357, 855.434, 39.3349
3600000, 31.4369, 264.745, 0, 152.901, 39.2693, 611.182, 28.1975, 12.5534, 907.185, 78.6926
3610000, 25.2068, 283.42, 0, 118.949, 39.2708, 639.238, 16.8892, 0, 845.222, 47.2168
3620000, 3.1456, 305.485, 22.6181, 147.247, 15.7288, 625.814, 16.89, 9.42154, 865.657, 39.3341
3620000, 22.0467, 289.232, 28.215, 164.253, 15.7196, 625.749, 22.5494, 0, 803.651, 62.9875
3630000, 25.2213, 269.996, 11.2579, 164.317, 23.5664, 635.075, 0, 6.2706, 896.425, 55.0362
3630000, 9.4635, 279.427, 16.9235, 119.005, 15.712, 640.028, 28.1174, 0, 886.705, 70.8038
3640000, 34.6878, 276.659, 16.9373, 147.387, 23.5542, 625.992, 5.63278, 9.41086, 937.356, 23.5977
3640000, 37.78, 258.328, 11.3007, 175.438, 54.9721, 616.315, 39.431, 0, 783.068, 86.5959
3650000, 0, 296.375, 0, 124.649, 31.4316, 625.892, 5.64117, 12.5519, 844.732, 63.0074
3650000, 12.5992, 308.425, 39.5988, 107.584, 7.84225, 649.257, 28.1494, 0, 865.81, 47.1771
3670000, 15.7471, 276.976, 16.9235, 164.381, 39.2967, 639.191, 16.8541, 0, 855.446, 47.229
3670000, 6.28967, 299.261, 0, 113.276, 54.9995, 621.038, 16.8953, 0, 917.035, 15.7196
3670000, 31.4568, 277.558, 28.1868, 175.522, 7.87277, 625.912, 22.5403, 3.13797, 876.022, 31.5285
3670000, 15.7288, 276.765, 28.2288, 169.653, 15.712, 625.651, 11.2656, 6.26831, 875.827, 63.0318
3680000, 6.29959, 292.509, 28.2768, 147.352, 0, 615.986, 5.63278, 0, 835.199, 39.3448
3680000, 9.45435, 277.354, 16.8983, 124.651, 15.712, 630.371, 11.2396, 3.13644, 886.835, 47.2046
3690000, 9.44519, 273.577, 0, 135.979, 55.0377, 625.868, 11.2656, 6.27594, 875.922, 39.3349
3690000, 18.8751, 270.705, 0, 130.178, 31.4308, 616.292, 0, 6.27594, 865.897, 62.9745
3700000, 22.0245, 295.652, 11.2747, 175.777, 15.6982, 639.872, 11.2617, 0, 834.595, 55.0362
3700000, 28.315, 339.915, 11.2747, 73.6038, 15.7028, 687.067, 39.3852, 3.14178, 855.555, 102.306
3710000, 37.751, 308.457, 22.6181, 130.286, 0, 720.193, 11.2228, 0, 814.365, 62.8815
3720000, 40.8821, 339.844, 5.64575, 158.514, 31.4392, 701.539, 5.63278, 3.13644, 741.688, 55.101
3720000, 31.4781, 324.414, 28.2036, 141.51, 23.5718, 649.113, 5.64117, 0, 835.606, 70.8015
3730000, 18.8805, 368.052, 11.3007, 141.676, 23.5634, 705.572, 11.2617, 3.14178, 814.139, 70.8557
3730000, 31.4743, 324.064, 0, 130.338, 7.85599, 696.364, 16.8869, 9.41238, 782.777, 62.9814
3740000, 40.8783, 307.735, 33.8615, 256.386, 31.4232, 649.117, 0, 12.561, 875.598, 62.9059
3740000, 0, 295.695, 11.3083, 124.554, 31.3873, 644.355, 0, 9.39941, 865.775, 47.2237
3750000, 22.0764, 307.841, 0, 124.661, 15.6845, 644.302, 0, 6.26831, 885.612, 55.0766
3750000, 28.2738, 308.168, 11.3174, 147.112, 7.85141, 653.58, 5.62897, 6.27213, 886.7, 31.4751
3770000, 15.744, 264.453, 16.9373, 153.057, 15.7196, 615.8, 11.2526, 0, 845.234, 55.1071
3770000, 3.14026, 286.049, 22.5647, 101.97, 23.5542, 667.886, 33.7418, 3.13263, 855.585, 47.2076
3770000, 3.15552, 286.044, 33.847, 141.735, 15.7028, 640.018, 0, 3.13416, 845.264, 70.8847
3770000, 28.2967, 283.216, 0, 136.021, 47.1252, 625.28, 5.63278, 0, 844.616, 110.115
3780000, 15.7425, 289.532, 28.2288, 198.034, 31.3873, 630.23, 0, 0, 855.192, 47.2038
3780000, 44.0765, 264.178, 22.6166, 130.433, 54.9095, 639.367, 5.61981, 3.13034, 846.137, 47.2374
3790000, 3.14789, 264.705, 5.6633, 141.586, 0, 625.833, 22.4976, 9.41467, 834.758, 47.1863
3790000, 22.0619, 295.916, 16.9624, 113.216, 0, 635.561, 0, 3.13644, 824.624, 55.1186
3810000, 6.28052, 270.773, 28.2906, 192.433, 0, 635.426, 28.0991, 6.28357, 845.081, 102.351
3810000, 22.0383, 314.577, 11.2747, 147.157, 31.4133, 606.972, 0, 0, 865.675, 55.1056
3810000, 34.597, 280.358, 16.9365, 158.627, 31.4392, 625.821, 22.5319, 6.27594, 855.147, 55.1102
3810000, 12.59, 286.613, 39.4981, 124.535, 7.86896, 630.193, 11.2572, 12.5488, 875.304, 86.6013
3820000, 28.3699, 302.538, 22.5586, 141.639, 15.712, 630.451, 16.9075, 0, 844.936, 70.8443
3820000, 15.7433, 311.194, 28.1868, 147.265, 0, 625.594, 28.1342, 6.27594, 844.812, 94.4115
3830000, 50.322, 289.816, 33.9249, 147.296, 23.5535, 615.776, 22.5105, 6.28357, 814.139, 47.2
3830000, 18.8828, 270.637, 22.583, 169.74, 15.6937, 620.814, 50.6691, 6.26831, 865.61, 55.0858
3840000, 6.30646, 280.1, 11.3007, 136.056, 0, 639.436, 33.8058, 0, 855.494, 78.6896
3840000, 18.8835, 295.959, 5.64117, 153.033, 15.7288, 620.992, 11.2656, 3.13644, 865.128, 39.2868
3850000, 18.8828, 295.995, 22.5922, 113.268, 31.427, 634.832, 11.2579, 6.27289, 865.511, 31.4957
3850000, 31.5323, 321.189, 16.9899, 136.089, 15.7455, 639.855, 5.62897, 12.5534, 886.727, 55.1041
3860000, 9.42917, 302.583, 11.2823, 118.975, 23.5718, 625.497, 28.1364, 0, 865.806, 70.8351
3860000, 40.9576, 279.956, 11.2656, 124.509, 62.8098, 649.057, 22.5479, 6.26526, 865.843, 55.0461
3870000, 25.2197, 280.402, 33.8913, 147.237, 7.83844, 630.489, 0, 6.27823, 856.149, 47.1848
3870000, 12.5725, 317.931, 16.9235, 124.497, 39.2532, 630.087, 11.2656, 15.683, 855.523, 94.3565
3880000, 9.45435, 283.069, 33.7906, 135.953, 7.85141, 620.984, 5.64575, 12.5534, 855.001, 62.9135
3880000, 28.3257, 299.137, 16.9121, 113.277, 7.84683, 625.52, 16.8945, 3.13416, 856.265, 70.8382
3890000, 22.01, 286.394, 16.9624, 118.923, 31.4278, 643.969, 0, 3.13416, 896.606, 15.7196
3890000, 34.6626, 264.279, 45.208, 175.563, 7.86438, 625.665, 0, 6.28357, 814.134, 118.035
3900000, 22.0352, 289.666, 28.2845, 124.556, 15.6845, 653.546, 16.8808, 3.13797, 813.966, 55.0636
3900000, 44.0926, 311.628, 33.9134, 152.827, 15.712, 630.608, 22.5052, 12.5534, 864.958, 55.0766
3910000, 28.3417, 270.816, 5.65872, 187.063, 39.2738, 649.241, 28.0991, 0, 803.505, 55.072
3920000, 22.0123, 270.628, 28.2768, 152.856, 31.3965, 611.371, 16.89, 0, 845.338, 70.9023
3920000, 15.7463, 296.056, 22.5662, 170.05, 62.793, 639.262, 5.61523, 3.1456, 824.637, 31.5109
3930000, 31.4903, 264.252, 11.3083, 107.445, 0, 644.455, 11.2579, 6.27441, 835.017, 110.195
3930000, 18.8797, 292.578, 11.2747, 135.899, 39.2479, 611.579, 16.9327, 0, 876.165, 47.2572
3940000, 15.7776, 279.784, 28.2936, 147.142, 31.4224, 644.103, 11.2473, 12.5565, 855.204, 62.9349
3940000, 31.5002, 276.939, 0, 135.902, 15.7028, 616.607, 0, 3.13416, 895.958, 62.9333
3950000, 6.29883, 286.568, 11.2747, 152.716, 15.6937, 630.132, 11.2648, 3.13416, 844.539, 55.0369
3950000, 28.3714, 292.439, 39.5851, 118.975, 23.5451, 625.488, 28.1601, 0, 896.352, 110.235
3960000, 12.6022, 273.761, 0, 124.551, 54.9553, 625.497, 0, 9.40475, 814.052, 55.0896
3960000, 28.3318, 270.831, 50.8064, 130.293, 31.4224, 649.461, 16.9037, 0, 834.68, 47.2122
3970000, 47.2023, 280.467, 28.1639, 164.108, 0, 630.455, 11.2656, 6.26831, 875.905, 39.3311
3970000, 28.3501, 289.209, 39.534, 153.007, 7.8598, 658.428, 22.5182, 9.41315, 783.157, 94.4191
3980000, 18.8675, 279.961, 11.3007, 113.395, 47.1512, 634.938, 11.2747, 0, 937.896, 70.8359
3980000, 9.43298, 267.292, 16.9624, 136.031, 23.5405, 658.233, 11.2823, 9.4101, 845.312, 55.0644
3990000, 31.488, 277.206, 0, 147.443, 31.3873, 630.595, 16.8869, 0, 855.205, 86.5845
3990000, 15.7204, 261.57, 45.2042, 147.333, 31.4438, 616.142, 0, 12.5458, 917.383, 23.6015
4000000, 37.7548, 296.303, 16.938, 141.65, 31.4224, 625.88, 22.5014, 6.28052, 906.641, 70.8275
4000000, 9.45663, 260.54, 45.1744, 124.577, 15.7028, 644.398, 11.2396, 3.14178, 865.313, 70.8214
4010000, 25.1877, 295.773, 39.5538, 113.318, 0, 635.372, 5.62897, 0, 824.875, 31.5079
4010000, 3.15323, 296.134, 0, 119.052, 0, 677.405, 28.138, 0, 844.987, 94.4618
4030000, 62.9578, 355.756, 22.6257, 169.834, 23.5619, 663.29, 5.63278, 6.28815, 855.261, 62.9562
4030000, 37.7556, 343.289, 11.2823, 130.34, 7.84225, 766.449, 22.4884, 15.683, 823.66, 78.7048
4030000, 15.7402, 399.614, 0, 130.399, 15.7196, 682.247, 22.5143, 3.13416, 833.847, 31.4659
4050000, 53.5187, 348.359, 16.951, 130.326, 15.7196, 691.238, 5.63278, 6.28815, 814.241, 31.4796
4050000, 37.793, 320.999, 5.63736, 136.027, 39.2967, 663.255, 5.62897, 6.28357, 824.097, 94.4412
4050000, 43.9758, 308.817, 16.951, 141.72, 23.6023, 695.69, 16.8983, 3.13416, 865.689, 39.3311
4050000, 40.8463, 280.328, 16.9586, 135.867, 7.85599, 620.924, 22.5395, 0, 896.819, 55.0674
4070000, 28.3264, 273.679, 11.2915, 158.601, 7.8598, 639.76, 28.1548, 18.837, 834.679, 94.4199
4070000, 18.9102, 289.44, 16.9373, 124.758, 39.3211, 630.183, 0, 9.42001, 855.351, 62.9784
4070000, 22.039, 289.583, 33.847, 147.292, 15.6845, 648.909, 16.9037, 6.27289, 804.063, 86.515
4070000, 28.3653, 286.438, 11.2823, 164.208, 15.712, 625.589, 11.2442, 3.14178, 752.057, 117.986
4090000, 12.5992, 302.148, 16.8983, 152.882, 7.8598, 616.277, 11.2396, 0, 844.98, 86.5341
4090000, 15.7364, 295.552, 33.9615, 175.591, 0, 639.645, 0, 9.4223, 845.219, 78.6873
4090000, 18.8805, 286.642, 0, 158.591, 39.2693, 644.321, 11.2656, 6.27289, 895.988, 47.2107
4090000, 18.9056, 251.736, 28.2677, 147.043, 15.7379, 630.601, 11.2701, 0, 855.286, 78.6865
4110000, 22.0352, 273.885, 11.2915, 158.611, 39.2784, 625.688, 0, 0, 947.71, 47.1161
4110000, 18.9117, 267.428, 11.3083, 175.567, 31.4041, 626.06, 11.2579, 6.26526, 824.578, 55.0812
4110000, 18.9079, 273.996, 16.8983, 130.446, 15.712, 621.017, 22.4777, 3.13797, 876.371, 78.6781
4120000, 18.8812, 324.191, 16.9899, 130.224, 23.5542, 616.035, 5.61142, 3.13034, 834.81, 86.5654
4120000, 28.334, 277.338, 11.2656, 113.191, 7.85141, 621.039, 0, 6.28357, 865.313, 47.229
4130000, 22.0161, 264.743, 22.6532, 130.184, 15.7028, 630.487, 5.64117, 0, 897.103, 47.1649
4130000, 15.7631, 280.255, 11.3007, 124.556, 0, 630.361, 5.63736, 9.41315, 906.91, 86.5616
4140000, 28.3752, 264.158, 11.2656, 124.668, 15.712, 625.383, 22.5403, 3.13644, 855.676, 78.7117
4140000, 18.9011, 296.213, 16.9418, 141.631, 23.5588, 616.126, 0, 6.27289, 876.311, 62.9837
4150000, 18.9034, 276.772, 0, 119.003, 23.5626, 639.755, 5.63736, 9.40857, 875.447, 47.2282
4150000, 9.42154, 267.285, 22.644, 147.063, 0, 630.028, 11.2305, 3.13263, 896.91, 7.86896
4160000, 28.3531, 264.19, 16.9373, 169.949, 23.5451, 654.001, 11.2473, 0, 834.652, 62.9402
4160000, 18.9178, 295.686, 28.2845, 158.736, 0, 639.819, 22.5327, 0, 845.792, 94.442
4170000, 37.6953, 283.365, 11.2999, 141.654, 47.1344, 611.681, 11.2747, 12.5488, 835.351, 55.1186
4170000, 22.0428, 293.286, 28.2707, 147.498, 7.8598, 645.133, 0, 3.13797, 845.385, 102.267
4180000, 18.8782, 311.537, 11.3007, 186.903, 31.4148, 634.763, 0, 3.13644, 854.512, 70.8023
4180000, 15.7471, 282.684, 56.5338, 170.055, 62.8464, 625.842, 5.62897, 9.41086, 886.956, 55.1529
4190000, 22.0055, 302.267, 11.3083, 152.962, 0, 615.835, 5.61981, 3.13644, 844.942, 70.7886
4190000, 47.2031, 311.504, 33.831, 102.03, 47.1161, 644.341, 11.2579, 0, 916.499, 78.7132
4200000, 25.1884, 270.679, 16.9624, 181.083, 23.5634, 648.782, 11.2579, 9.41772, 834.127, 55.1018
4210000, 18.9133, 271.052, 33.9272, 141.512, 31.3965, 625.655, 22.5273, 6.29578, 865.113, 31.4919
4210000, 15.7265, 289.198, 11.2579, 158.545, 7.84683, 616.582, 22.5052, 0, 865.215, 47.2389
4220000, 40.9294, 289.854, 11.3083, 153.01, 62.8548, 634.492, 0, 0, 783.73, 70.8115
4220000, 28.3104, 276.883, 11.3174, 141.492, 47.155, 639.59, 16.8709, 3.14178, 834.88, 86.557
4230000, 28.3096, 292.937, 0, 130.328, 47.1436, 611.287, 22.5311, 0, 854.768, 86.5936
4230000, 34.6123, 270.659, 5.65414, 147.253, 15.712, 620.956, 11.2473, 6.28357, 824.877, 62.9745
4240000, 12.571, 298.801, 11.2747, 169.904, 15.6845, 625.485, 5.63736, 0, 886.342, 31.5125
4240000, 40.947, 277.126, 11.2915, 135.867, 15.7028, 625.445, 22.5159, 0, 886.58, 78.6613
4250000, 31.5308, 349.568, 0, 169.87, 15.6937, 667.771, 0, 3.14026, 793.626, 55.1018
4250000, 47.2565, 346.397, 22.6257, 135.919, 7.84225, 742.925, 5.63736, 12.5366, 917.076, 39.3036
4260000, 31.5033, 364.883, 16.9624, 141.499, 31.4056, 672.715, 5.64575, 6.28357, 814.513, 55.1521
4270000, 37.8197, 342.435, 0, 158.513, 7.85599, 719.548, 11.2396, 3.13263, 793.204, 55.0674
4270000, 47.2069, 368.562, 11.3174, 158.407, 55.0072, 729.073, 16.9151, 3.13644, 824.594, 39.3295
4280000, 18.9079, 349.588, 22.583, 141.66, 31.4056, 663.296, 11.2305, 0, 865.608, 55.0735
4280000, 25.1694, 359.007, 28.2547, 141.595, 47.1512, 686.796, 0, 0, 885.975, 15.7196
4290000, 37.7304, 285.97, 33.9005, 170.02, 7.84683, 620.782, 16.8983, 12.5557, 865.576, 47.2122
4290000, 15.76, 280.136, 11.2823, 135.919, 39.2868, 620.544, 33.7448, 0, 824.08, 47.2076
4300000, 12.587, 280.421, 11.3266, 135.842, 0, 625.796, 0, 6.26831, 844.652, 63.0325
4300000, 3.1456, 308.334, 28.1448, 124.696, 62.796, 625.48, 28.17, 3.13797, 855.045, 70.8656
4310000, 69.3054, 277.136, 22.6013, 170.032, 0, 639.494, 0, 6.27594, 803.474, 23.5931
4310000, 12.5977, 271.082, 0, 158.904, 15.7158, 639.594, 5.64575, 12.5534, 845.229, 31.4621
4320000, 9.42078, 308.717, 16.967, 102.057, 7.84683, 625.888, 0, 6.28052, 855.931, 31.4362
4320000, 18.9194, 302.253, 5.65872, 169.747, 7.86438, 597.286, 16.8854, 3.13263, 906.949, 55.0949
4330000, 9.45053, 261.526, 0, 141.841, 0, 620.628, 33.8066, 9.4101, 762.802, 86.5646
4330000, 15.7394, 273.973, 11.3174, 147.323, 15.7196, 630.551, 11.2564, 0, 886.131, 86.5585
4340000, 25.1678, 264.41, 22.5662, 158.714, 23.5535, 635.094, 28.1822, 0, 876.64, 31.5002
4340000, 12.587, 292.178, 45.192, 147.215, 39.2448, 653.346, 22.5235, 6.27594, 866.021, 39.3448
4360000, 0, 292.799, 33.886, 175.442, 0, 635.192, 22.5235, 3.13416, 927.538, 78.6926
4360000, 28.3546, 280.019, 5.65033, 102.025, 23.5886, 639.594, 22.5311, 9.4223, 814.535, 55.0575
4360000, 18.885, 289.494, 11.3083, 135.983, 23.5451, 620.827, 16.8457, 0, 844.992, 31.4796
4360000, 9.45129, 283.115, 22.5998, 118.767, 31.4224, 653.811, 5.62897, 3.13644, 794.035, 31.4713
4380000, 31.4903, 273.748, 11.2915, 113.245, 39.3005, 644.933, 11.2473, 15.6845, 875.979, 62.899
4380000, 44.0918, 280.155, 16.9762, 96.2067, 39.2609, 630.003, 28.1693, 6.2706, 886.562, 31.4484
4380000, 37.8014, 302.086, 0, 130.307, 0, 616.177, 0, 0, 845.57, 23.6107
4400000, 25.2045, 289.933, 5.64575, 147.493, 0, 648.952, 22.5197, 0, 938.17, 78.7033
4400000, 18.9041, 255.279, 16.9121, 118.893, 15.7196, 606.956, 0, 6.26831, 875.4, 62.9128
4400000, 12.5862, 276.977, 16.8983, 118.948, 31.4186, 621.006, 28.1097, 6.27594, 896.325, 39.3394
4400000, 31.4636, 301.745, 22.5922, 164.275, 23.5794, 630.418, 22.4869, 0, 844.788, 86.5402
4420000, 22.0421, 296.255, 11.2656, 130.338, 15.6845, 658.788, 5.63736, 6.28052, 814.472, 55.1003
4420000, 12.5786, 289.208, 0, 147.316, 7.85599, 625.49, 5.63278, 6.26678, 875.395, 47.2115
4420000, 40.9462, 286.471, 11.2915, 163.966, 15.7288, 597.479, 0, 12.5534, 834.702, 94.4069
4420000, 22.0688, 286.526, 28.2768, 147.264, 15.712, 620.422, 22.4701, 9.40933, 906.487, 62.9585
4440000, 28.3333, 308.096, 22.5662, 175.682, 31.424, 611.293, 16.8945, 6.27289, 875.455, 39.3379
4440000, 12.59, 308.4, 11.2579, 141.463, 70.7016, 611.53, 11.2396, 0, 896.503, 55.1056
4440000, 47.3022, 280.294, 0, 141.658, 0, 616.438, 11.2396, 6.28357, 814.027, 125.943
4440000, 22.0467, 302.518, 0, 186.877, 15.712, 621.103, 11.3007, 3.14026, 865.394, 39.3738
4460000, 34.6169, 273.784, 0, 147.237, 0, 606.624, 11.2701, 3.14026, 886.634, 63.0013
4460000, 12.5793, 264.41, 39.6339, 141.654, 7.86438, 635.296, 16.9121, 3.13644, 865.664, 62.9761
4460000, 18.8721, 267.59, 16.9235, 96.1487, 7.86438, 634.799, 0, 6.27594, 916.425, 102.36
4460000, 6.29578, 304.932, 5.65872, 141.58, 15.712, 616.122, 22.5403, 3.14026, 783.235, 62.9333
4480000, 15.7532, 280.093, 11.3007, 147.318, 0, 635.117, 28.1898, 0, 875.504, 70.8153
4480000, 22.0428, 299.049, 11.3266, 135.968, 31.4056, 620.587, 11.2473, 0, 907.164, 102.325
4480000, 40.95, 308.09, 22.6089, 135.811, 15.7196, 644.581, 5.64117, 15.6815, 824.435, 47.2008
4500000, 3.1517, 298.862, 33.8905, 124.709, 39.2738, 630.341, 5.62897, 9.40704, 855.648, 55.1262
4500000, 9.44138, 295.982, 16.8594, 158.508, 23.5451, 634.732, 16.8709, 9.42001, 906.992, 55.0903
4500000, 34.6535, 273.608, 11.3174, 147.202, 15.7196, 635.104, 11.2915, 0, 876.027, 86.5738
4500000, 12.6045, 280.177, 0, 130.319, 15.7158, 611.269, 22.5235, 6.27594, 885.806, 55.1323
4520000, 37.7754, 267.596, 45.1569, 147.366, 15.6845, 625.735, 5.61523, 0, 813.871, 102.348
4520000, 12.5816, 267.19, 33.8882, 169.877, 15.7028, 630.252, 5.62897, 0, 845.433, 62.928
4520000, 12.571, 289.513, 16.9243, 158.408, 31.3705, 625.72, 22.5586, 6.27289, 855.001, 31.4919
4520000, 25.1801, 273.454, 0, 135.847, 39.2387, 639.529, 33.7891, 6.28357, 855.93, 39.3265
4550000, 31.517, 267.372, 0, 152.992, 31.3965, 639.515, 22.5136, 0, 916.539, 55.1109
4550000, 9.42078, 283.364, 11.2823, 107.788, 47.1527, 630.163, 28.17, 3.13797, 855.395, 47.187
4550000, 15.7471, 267.517, 22.5739, 130.192, 47.1603, 625.28, 39.3776, 6.28204, 896.68, 70.8191
4550000, 25.2106, 276.881, 11.3007, 186.899, 39.283, 639.369, 11.2823, 3.13797, 845.217, 78.6552
4550000, 28.3066, 286.228, 16.9624, 107.674, 31.4308, 653.732, 5.63278, 0, 855.023, 15.7455
4550000, 15.7661, 270.748, 16.9373, 124.656, 0, 639.363, 0, 18.8293, 824.213, 47.1901
4580000, 28.3508, 280.253, 22.6257, 118.971, 31.3934, 630.138, 0, 6.28357, 855.424, 31.4667
4580000, 12.6022, 346.573, 16.9807, 130.204, 23.5672, 667.861, 0, 6.27289, 875.586, 23.6023
4580000, 31.488, 387.874, 16.9624, 186.812, 23.5588, 629.996, 33.7982, 3.13797, 845.544, 47.1779
4580000, 28.3234, 355.517, 39.4569, 124.568, 31.3911, 714.92, 11.2396, 3.13644, 855.672, 62.957
4580000, 37.7419, 352.599, 0, 141.471, 15.6937, 691.12, 0, 0, 845.135, 47.242
4610000, 31.456, 324.191, 28.1563, 147.147, 54.9576, 728.967, 16.8633, 3.14026, 844.967, 62.9318
4610000, 25.209, 377.628, 28.2417, 175.482, 47.1085, 705.693, 5.63736, 0, 793.486, 55.0552
4610000, 25.2014, 340.179, 39.534, 147.409, 820088, 1894.92, 0, 0, 824.768, 15.7417
4670000, 18.9011, 279.971, 11.2915, 186.938, 15.6769, 620.908, 22.4976, 3.13797, 834.953, 47.245
4670000, 15.7326, 286.568, 28.2501, 107.502, 7.85141, 616.331, 11.2396, 3.14407, 855.672, 94.3901
4670000, 22.0352, 270.93, 22.5571, 147.24, 78.5301, 634.789, 0, 0, 886.118, 31.4873
4670000, 25.1785, 295.782, 5.64575, 147.241, 7.86438, 634.887, 5.61142, 3.13644, 865.978, 62.8738
4670000, 25.1381, 286.47, 11.3358, 170.045, 15.7379, 601.596, 11.2747, 12.5488, 865.304, 62.9066
4670000, 31.5063, 295.963, 39.5172, 107.545, 39.2448, 616.083, 5.63278, 0, 773.61, 70.8427
4670000, 31.4705, 270.888, 16.9548, 152.977, 23.5764, 625.645, 28.1448, 3.13797, 845.596, 55.1346
4670000, 34.6222, 273.863, 16.9167, 136.029, 15.6845, 658.688, 22.541, 9.41467, 844.88, 31.4667
4710000, 18.9117, 283.215, 0, 164.161, 39.257, 625.797, 5.62363, 3.13416, 886.325, 62.8723
4710000, 12.5893, 289.596, 16.9624, 73.7015, 7.84225, 611.488, 0, 6.28052, 855.2, 47.1748
4710000, 18.9079, 289.571, 11.3083, 152.927, 23.5542, 635.211, 28.1723, 3.13263, 855.454, 102.299
4710000, 9.43222, 289.952, 22.644, 164.332, 15.6845, 620.849, 0, 6.27289, 804.405, 39.3692
4710000, 28.3546, 298.862, 0, 101.895, 31.3828, 635.197, 5.63278, 0, 824.505, 62.9654
4710000, 3.14178, 289.482, 45.2904, 153.083, 31.4056, 620.911, 5.61981, 15.6937, 865.318, 23.6053
4710000, 6.29578, 305.058, 0, 203.905, 23.584, 611.476, 0, 9.40323, 813.939, 47.2137
4740000, 34.668, 292.46, 11.2915, 152.889, 39.2479, 630.292, 11.2579, 0, 855.076, 23.6015
4740000, 22.0428, 292.845, 28.2295, 141.647, 23.5802, 635, 11.2747, 6.28357, 896.456, 47.2252
4740000, 9.45435, 305.339, 16.9373, 147.471, 23.5268, 644.312, 28.1731, 3.13644, 855.329, 70.8595
4740000, 12.6144, 257.858, 39.5279, 135.901, 31.4056, 625.507, 33.6823, 15.6723, 814.263, 70.8229
4740000, 25.1877, 314.548, 16.951, 141.734, 31.4148, 630.234, 16.8686, 15.6792, 886.731, 110.242
4740000, 6.2912, 267.869, 28.2455, 135.962, 15.7196, 616.441, 0, 0, 886.296, 39.3341
4760000, 34.6405, 267.494, 28.2593, 147.432, 47.1298, 639.584, 5.63278, 9.40475, 916.645, 39.3265
4760000, 6.30646, 289.227, 0, 135.867, 39.2662, 625.871, 22.5052, 15.6952, 866.359, 78.7315
4760000, 37.7625, 270.892, 0, 107.641, 47.1527, 625.349, 33.7303, 0, 875.119, 86.5707
4760000, 34.5688, 280.421, 16.9624, 135.736, 15.7196, 620.447, 11.2305, 0, 865.366, 125.853
4780000, 12.5992, 286.29, 22.6089, 152.844, 23.5802, 630.353, 5.61523, 6.28815, 844.495, 47.2168
4780000, 40.9554, 261.214, 16.9373, 135.884, 15.7242, 639.596, 16.8816, 6.27289, 855.221, 55.0926
4780000, 18.8675, 279.941, 0, 135.969, 0, 630.399, 11.2915, 0, 814.459, 55.0583
4790000, 18.9087, 280.031, 33.8104, 113.281, 15.712, 654.021, 16.9075, 0, 845.126, 39.3303
4790000, 15.7394, 305.729, 22.6349, 164.347, 23.5764, 634.904, 0, 0, 886.346, 47.1954
4800000, 31.4682, 292.944, 11.2747, 141.42, 54.9591, 663.078, 28.1448, 6.28357, 896.599, 23.5809
4800000, 18.8889, 270.847, 16.9373, 130.294, 0, 644.137, 16.9075, 6.26526, 865.615, 94.4153
4810000, 31.4804, 293.025, 11.2656, 158.77, 23.5535, 625.55, 22.5082, 0, 896.706, 86.66
4810000, 6.31409, 282.972, 16.951, 118.925, 31.4278, 630.136, 22.4884, 3.14026, 813.993, 55.0629
4820000, 9.45511, 289.544, 16.951, 130.297, 15.7196, 644.611, 5.62363, 3.13797, 876.395, 63.002
4820000, 21.9978, 267.059, 28.2387, 181.413, 15.6769, 625.51, 22.5182, 6.26068, 824.394, 62.9929
4830000, 9.43146, 267.722, 33.9104, 124.611, 39.2433, 626.062, 11.2823, 0, 834.585, 62.9745
4830000, 22.0329, 279.887, 22.5693, 107.587, 15.7196, 634.777, 16.9205, 9.41849, 824.759, 47.2374
4840000, 25.1526, 292.776, 33.8379, 147.221, 15.7196, 602.172, 5.61523, 3.13644, 906.853, 47.1947
4840000, 15.7562, 298.794, 0, 181.049, 15.7204, 606.918, 0, 9.39484, 855.148, 62.9318
4850000, 18.869, 298.94, 22.6013, 169.936, 47.1031, 616.415, 11.2747, 3.13416, 855.425, 78.7628
4850000, 12.5671, 264.162, 16.951, 136.035, 15.7288, 639.767, 0, 6.28204, 865.226, 86.4998
4860000, 9.45663, 280.264, 22.6089, 158.527, 15.712, 620.827, 5.63278, 9.40552, 804.018, 31.4911
4860000, 25.177, 286.317, 11.2823, 113.211, 0, 639.919, 0, 9.4017, 876.042, 70.813
4870000, 15.7501, 292.794, 11.3083, 175.411, 15.7196, 625.487, 0, 6.28052, 865.732, 86.4952
4870000, 15.7471, 295.526, 33.902, 107.602, 15.6845, 653.655, 11.2747, 6.28357, 845.221, 39.3211
4880000, 18.8889, 286.301, 16.9762, 102.11, 0, 630.219, 5.64575, 12.5626, 803.892, 62.9578
4880000, 15.6982, 267.66, 16.9235, 118.994, 23.5626, 634.934, 28.1105, 12.5641, 876.002, 133.687
4890000, 18.8316, 295.638, 22.6257, 147.319, 23.558, 592.966, 0, 0, 845.195, 39.3143
4890000, 18.8927, 279.925, 11.2823, 130.375, 39.2342, 625.647, 16.8953, 6.27289, 824.549, 39.3135
4900000, 22.0482, 276.926, 56.4995, 147.337, 7.86438, 630.07, 11.2869, 9.41849, 824.239, 55.0552
4900000, 25.2174, 311.248, 0, 130.081, 15.6845, 630.587, 11.2526, 9.41315, 865.048, 47.2153
4910000, 22.0459, 324.178, 39.5164, 164.24, 31.4407, 691.139, 11.2656, 12.5595, 824.26, 110.114
4910000, 47.2443, 399.731, 11.3083, 147.443, 0, 710.542, 11.2823, 0, 834.582, 31.5125
4920000, 34.6153, 343.575, 45.1103, 118.895, 15.7196, 667.945, 11.3007, 6.28052, 835.173, 47.1954
4940000, 31.488, 352.499, 39.5676, 164.175, 23.5634, 729.268, 5.64575, 9.39865, 824.646, 86.5677
4940000, 31.456, 380.475, 28.1807, 118.97, 15.7196, 714.727, 11.2473, 0, 793.887, 39.3867
4940000, 44.0903, 321.545, 39.5294, 118.993, 47.0901, 710.072, 0, 0, 896.584, 47.2618
4940000, 150.186, 342.838, 11.3174, 141.779, 31.4133, 662.917, 11.2656, 6.27594, 886.406, 39.3211
4960000, 3.14789, 274.041, 22.5967, 141.611, 31.4178, 621.164, 16.8953, 3.13797, 896.714, 102.264
4960000, 22.0428, 298.838, 0, 118.935, 15.6937, 620.542, 0, 9.4101, 835.143, 62.915
4960000, 25.1984, 277.135, 39.5882, 186.757, 15.7028, 630.202, 16.8541, 0, 916.984, 62.9333
4960000, 18.8873, 289.461, 5.65872, 175.571, 47.1123, 648.845, 22.4625, 3.13416, 834.582, 78.714
4970000, 22.0474, 295.681, 11.2915, 146.968, 0, 630.441, 11.2579, 3.14026, 824.732, 86.5341
4980000, 34.6359, 302.217, 22.583, 141.682, 15.7196, 621.053, 0, 3.13797, 855.083, 47.216
4980000, 25.1785, 280.128, 11.3083, 118.916, 47.1031, 620.517, 5.62363, 6.2706, 875.862, 102.242
4990000, 28.3333, 251.81, 0, 119.112, 62.8418, 625.954, 28.1555, 0, 865.713, 31.4667
4990000, 15.7394, 270.513, 11.3174, 147.208, 23.558, 644.013, 5.62363, 0, 854.855, 62.8555
5000000, 34.626, 301.773, 11.2915, 147.158, 31.3965, 592.236, 5.64117, 3.13416, 886.749, 47.1878
5000000, 28.2837, 295.401, 22.5578, 118.961, 23.5893, 630.386, 11.2572, 0, 834.426, 94.4443
5010000, 22.0428, 302.251, 11.3174, 135.809, 15.6937, 644.911, 11.2656, 0, 896.836, 62.9967
5010000, 47.2374, 273.682, 28.2684, 141.587, 39.2342, 601.663, 22.5128, 0, 876.126, 70.8939
5020000, 34.6596, 314.833, 11.3083, 141.663, 31.4056, 649.112, 11.2526, 0, 917.58, 55.0804
5020000, 15.7661, 296.106, 16.9548, 135.992, 15.712, 625.601, 5.63736, 9.41238, 834.723, 39.3394
5030000, 9.44366, 296.007, 39.547, 141.507, 31.3873, 639.6, 0, 0, 896.719, 70.8305
5030000, 15.7326, 293.25, 22.5754, 101.998, 15.6982, 615.958, 11.2473, 9.40857, 844.619, 70.8237
5040000, 31.5048, 264.402, 28.2028, 113.149, 31.4575, 630.32, 0, 6.26831, 804.121, 39.3311
5040000, 25.206, 311.693, 45.0928, 130.399, 0, 644.334, 0, 3.14026, 896.663, 62.9341
5050000, 12.5977, 283.062, 0, 169.794, 0, 611.708, 16.9121, 0, 875.897, 133.727
5050000, 0, 311.699, 16.9373, 153.04, 0, 611.436, 22.5357, 15.6769, 814.413, 78.7331
5060000, 9.45816, 280.188, 0, 124.709, 15.712, 615.816, 11.274, 0, 783.804, 86.5074
5060000, 44.1238, 292.528, 11.2579, 124.719, 62.8746, 644.43, 0, 3.13797, 885.954, 39.3356
5070000, 28.3348, 267.643, 28.2234, 118.982, 31.3667, 616.081, 16.9197, 9.40628, 876.147, 55.0636
5070000, 9.42993, 279.8, 33.8837, 158.409, 47.1474, 611.422, 11.2747, 6.27594, 845.23, 70.8244
5080000, 22.0398, 298.767, 16.9327, 118.923, 31.3965, 625.593, 11.2823, 0, 824.902, 31.4743
5090000, 31.4217, 289.763, 11.2915, 90.731, 31.4217, 620.756, 11.2305, 15.6792, 855.265, 23.6145
5090000, 15.7394, 308.352, 16.8709, 164.229, 15.6937, 616.235, 11.2656, 0, 886.073, 0
5110000, 28.3791, 295.828, 28.212, 135.843, 23.5619, 625.486, 0, 0, 896.632, 70.8519
5110000, 22.023, 292.422, 16.9624, 158.547, 0, 653.604, 11.2473, 3.13797, 856.007, 125.954
5110000, 25.2022, 289.937, 16.9235, 130.318, 15.7196, 625.75, 28.1807, 0, 762.361, 63.092
5110000, 22.0291, 286.838, 33.8829, 130.396, 31.4484, 616.339, 11.2747, 9.42535, 855.646, 78.7476
5120000, 28.3127, 286.494, 16.9121, 181.475, 15.712, 635.033, 11.2579, 0, 896.542, 31.4575
5120000, 18.8675, 261.111, 0, 181.244, 15.7196, 634.953, 16.88, 9.42001, 814.183, 78.7018
5130000, 22.0619, 289.376, 0, 158.549, 62.8113, 620.587, 11.2473, 0, 886.717, 23.6191
5130000, 6.30341, 295.264, 56.5376, 118.822, 78.5606, 639.558, 11.2823, 15.6929, 845.428, 47.229
5140000, 44.0804, 292.212, 22.5754, 107.561, 47.1176, 635.134, 33.7875, 0, 886.516, 47.1893
5140000, 18.8728, 283.282, 11.2915, 135.939, 23.5794, 644.227, 0, 0, 885.468, 31.4484
5150000, 12.587, 277.36, 28.2585, 147.281, 23.5542, 621.429, 33.7799, 0, 885.84, 62.9448
5150000, 18.9049, 289.584, 16.9762, 158.716, 15.712, 625.481, 0, 0, 876.001, 55.0446
5160000, 9.45892, 279.832, 5.65414, 141.759, 15.7028, 629.902, 11.2579, 6.28052, 824.459, 110.196
5160000, 31.4621, 289.387, 33.9005, 135.923, 39.2403, 620.855, 11.3007, 0, 834.991, 62.9288
5180000, 18.8446, 273.714, 39.5416, 113.232, 15.7288, 639.783, 11.2396, 15.683, 855.555, 31.5094
5180000, 18.9026, 270.894, 33.8821, 124.529, 47.1512, 648.862, 22.4777, 12.5641, 855.286, 86.5814
5180000, 22.023, 289.571, 0, 130.175, 31.4003, 630.354, 11.2473, 9.42383, 855.1, 31.5125
5180000, 18.9034, 302.367, 33.8219, 107.693, 15.7196, 639.667, 22.5563, 6.28357, 845.179, 70.8519
5200000, 22.0047, 289.423, 0, 152.919, 0, 606.696, 16.8503, 3.14026, 814.139, 86.5463
5200000, 9.43146, 280.004, 5.65414, 130.267, 0, 644.682, 16.8976, 9.4101, 824.915, 55.1018
5200000, 0, 280.032, 11.2915, 147.252, 15.712, 621.081, 11.2823, 3.13263, 845.271, 70.8855
5210000, 50.4272, 299.274, 22.5311, 147.377, 23.5764, 625.218, 11.2473, 6.2767, 855.731, 39.3341
5210000, 34.6596, 276.913, 28.2425, 101.926, 39.2784, 611.588, 0, 12.5366, 845.409, 55.085
5230000, 31.472, 292.29, 0, 124.748, 15.7196, 648.953, 22.5327, 0, 783.169, 62.8647
5230000, 15.7471, 308.136, 11.2785, 158.596, 23.5626, 625.491, 0, 0, 855.589, 31.4751
5230000, 28.2784, 314.364, 5.63278, 141.464, 23.5794, 634.475, 16.9029, 12.5458, 803.61, 23.6061
5230000, 62.9898, 368.127, 0, 130.242, 0, 728.841, 11.2823, 0, 814.436, 78.6766
5240000, 31.5102, 371.82, 16.9624, 153.003, 23.5794, 634.837, 5.62897, 0, 834.031, 39.3265
5250000, 59.8381, 374.555, 11.2915, 141.552, 54.9942, 729.029, 11.2526, 3.13644, 886.721, 78.7529
5250000, 28.3592, 352.876, 11.2915, 141.743, 15.7196, 718.957, 11.2915, 6.28052, 916.737, 47.1771
5260000, 25.1877, 374.637, 16.9235, 158.682, 23.568, 671.825, 11.2747, 6.2706, 783.217, 62.9288
5260000, 31.443, 292.577, 22.583, 152.916, 0, 649.37, 11.3007, 6.27594, 855.416, 31.4453
5270000, 31.4674, 289.845, 11.2915, 158.517, 31.4056, 625.954, 5.62897, 3.14407, 875.62, 31.5002
5270000, 22.0352, 267.309, 0, 152.95, 15.712, 616.105, 5.63736, 0, 886.411, 78.6583
5280000, 28.3318, 273.133, 28.2516, 181.342, 7.85599, 634.584, 22.5067, 0, 855.791, 31.488
5280000, 59.8839, 267.464, 0, 141.775, 23.5451, 639.696, 5.63736, 0, 845.184, 94.4275
5290000, 25.1625, 286.489, 16.9373, 181.272, 39.2662, 634.73, 0, 6.26526, 875.766, 94.4046
5300000, 6.28357, 261.254, 0, 130.276, 15.7028, 611.332, 11.2656, 6.28052, 854.781, 62.9074
5300000, 25.1366, 277.039, 0, 175.603, 47.1336, 630.185, 5.61981, 3.14178, 844.684, 23.6595
5310000, 34.642, 295.767, 11.2656, 141.456, 39.257, 644.653, 11.2747, 0, 845.322, 55.0926
5310000, 25.1801, 295.824, 0, 130.242, 31.4392, 621.035, 0, 12.5412, 875.59, 78.7148
5320000, 25.177, 277.062, 0, 153.046, 7.85141, 654.368, 5.63278, 9.41238, 916.11, 78.685
5320000, 15.7333, 280.309, 0, 141.569, 0, 625.593, 11.2526, 0, 865.977, 23.5931
5330000, 15.7539, 279.892, 0, 141.573, 15.7196, 639.867, 11.2396, 3.13416, 937.511, 62.9753
5330000, 15.7501, 280.06, 39.5462, 135.912, 0, 611.221, 0, 9.40704, 865.499, 62.899
5340000, 28.3165, 292.148, 11.2823, 158.595, 7.85599, 606.843, 5.64117, 0, 834.849, 78.7125
5340000, 15.7188, 292.391, 0, 102.04, 23.5794, 634.833, 16.8945, 9.41086, 793.349, 47.1992
5350000, 6.27594, 280.413, 45.1324, 113.228, 23.5626, 621.026, 0, 9.41772, 907.094, 70.8633
5350000, 34.6497, 296.181, 0, 147.289, 31.4224, 634.975, 5.64117, 0, 814.527, 31.4613
5370000, 9.44824, 292.641, 16.938, 147.266, 15.6937, 639.561, 16.88, 6.26831, 948.38, 39.3654
5370000, 40.9454, 286.687, 11.3083, 169.921, 15.6937, 630.718, 0, 6.2706, 865.996, 110.136
5370000, 0, 257.627, 11.2915, 107.549, 31.4133, 635.108, 11.248, 9.42001, 875.631, 102.237
5370000, 15.7219, 295.884, 11.3266, 158.539, 23.584, 629.977, 11.2137, 6.27289, 865.732, 118.047
5390000, 12.5977, 270.683, 22.5479, 164.234, 54.9858, 639.51, 11.2747, 12.5488, 886.79, 62.9379
5390000, 12.5717, 289.622, 22.6273, 113.114, 15.7288, 644.09, 28.0762, 0, 907.13, 55.0735
5390000, 9.43527, 283.604, 16.9762, 147.272, 0, 634.956, 5.64117, 3.13644, 855.203, 94.3703
5400000, 18.8904, 298.862, 11.2656, 147.314, 23.5573, 630.262, 5.64575, 15.6792, 793.145, 62.9547
5400000, 31.5063, 302.098, 16.9624, 130.183, 23.5886, 639.662, 5.61523, 0, 855.14, 39.3311
5410000, 15.7616, 267.625, 67.72, 124.757, 0, 602.196, 0, 0, 855.396, 102.315
5410000, 18.8812, 270.238, 28.2936, 136.061, 7.84683, 644.385, 11.2823, 3.13416, 835.194, 70.8054
5420000, 18.8751, 283.07, 5.63278, 130.206, 31.4049, 634.975, 22.5403, 6.28052, 885.992, 78.7399
5420000, 31.4934, 302.127, 0, 158.517, 31.4224, 648.853, 11.2747, 6.27594, 824.697, 15.7379
5430000, 18.9423, 282.845, 0, 113.3, 23.5237, 634.829, 0, 6.28815, 865.075, 86.4784
5430000, 15.744, 280.475, 28.2677, 181.31, 31.4484, 615.822, 11.2305, 6.26831, 886.643, 39.373
5440000, 18.8965, 264.273, 0, 147.252, 15.712, 630.299, 11.2473, 9.40704, 844.872, 78.6827
5440000, 12.6099, 288.613, 0, 130.373, 31.414, 649.249, 11.2823, 6.28815, 876.092, 62.9295
5450000, 6.29883, 302.02, 0, 152.93, 0, 625.312, 11.2823, 6.28052, 824.521, 55.1117
5450000, 37.7838, 305.005, 56.3934, 147.3, 31.4316, 630.392, 11.2228, 3.14178, 865.789, 47.229
5460000, 15.7471, 261.199, 11.3083, 124.792, 15.7028, 611.333, 22.5143, 0, 876.096, 55.0644
